Details,Type of finding
ไม่ตรวจสอบมาตการในข้อ6.1 ,
เปลี่ยนงาน,
ทดสอบ1,
เปิด work permit เป็นงานขนย้ายอุปกรณ์นั่งร้าน แต่การทำงานที่หน้างานจริงเป็นตั้งนั่งร้าน,HNM
JSA เป็นงานขนย้ายอุปกรณ์ ผิดประเภทของงานที่ทำอยู่  หน้างานเป็นงานตั้งร้าน,Near Miss
งานที่ทำคืองานตั้งนั่งร้าน  ไม่ตรงกับงานที่ระบุใน  work permit&JSA. ที่เป็นงานขนย้ายอุปกรณ์,Near Miss
ไม่ตรงตามลักษณะงานที่ขอไว้,
ไม่มีป้ายเตือนพื้นที่อับอากาศ ตรงช่องเปิด D942 ,Unsafe Condition
มีสภาพพื้นที่สกปรก มีขยะของวางกอง,
Test edit Finding,
"ตรวจสอบพบคู่ร่วมธุรกิจบริษัท BMC งานเชื่อม Support ผู้ช่วยช่างและ Fire Watch ไม่มี Mask ป้องกันอันตรายจากฟูมงานเชื่อม 
ผ้ากันไฟไม่สามารถป้องกันสเก็ดไฟได้มีการจับผ้ากันไฟไว้เองรับแจ้งพื้นที่ไม่อำนวย",Unsafe Condition
Safety Lead ที่ดูแลหน้างานใน Work Permit และ JSA ระบุเป็นงาน H/W Class I และ งานบนที่สูง ตรวจสอบพบ Lead งานบนที่สูงหมดอายุ ตั้งแต่ วันที่ 21/08/64,Near Miss
"ตรวจสอบพบ 
- คนงานหุ้ม Insulation ไม่มี Mask ป้องกันตราบจากฝุ่น Insulation
- คนงานที่ยาแนวโดยใช้ Silicone ไม่สวมใส่ Mask ป้องกันอันตรายจากไอกรดของ Silicone 
- ตรวจสอบใน JSA มีระบุการป้องกันอันตรายไว้เพียงแค่ผ้าปิดจมูก ",Near Miss
ตรวจสอบพบคู่ธุรกิจบริษัท MYC กำลังทำ PT-Test พบไม่สวมใส่ Mask ป้องกันไอระเหยของน้ำยา PT ได้ทำการแจ้งเตือนและขอตรวจสอบ JSA ไม่พบการประเมินงาน PT-Test ,Unsafe Condition
ตรวจสอบพบเอกสาร SE-F-0189 Rev.007 Fire Watch ไม่ลงข้อมูลในข้อ 3 (การเฝ้าระวังหลังเสร็จสิ้นการปฎิบัติงาน) ลงเพียงเวลาเริ่มงานในช่วงเช้า ไม่ลงรายระเอียด สิ้นสุดการเฝ้าระวังในช่วงเช้าและลงลายมือชื่อในช่วงเช้า (ตามรูปแนบ),Near Miss
ตรวจสอบพบอุปกรณ์ส่วนควบไม่ครบ พบเจอ Grinder 4 นิ้ว ไม่สวมใส่ Handle และการใช้งานพื้นที่ปกติที่ไม่ใช่หลืบมุมที่จำเป็นต้องถอด,Near Miss
"ตรวจสอบพบ Permit พบ ข้อ1.1 Permit Requestor (ก่อเกียรติ)คนขอปฏิบัติงาน ไม่ได้เข้ามาทำงาน
หน้างานมีการปฏิบัติงาน โดยการรับรองการทำงานข้อ 3 คนเซ็นเอกสารเป็น (นายดำรงเกียรติ) คนละคนกัน
และในเอกสารแนบ Safe Work Certificate งานบนที่สูง ก็เป็นการเซ็นเอกสารโดยคุณก่อเกียรติ 
รวมถึงเอกสาร JSA (ผู้ขออนุญาต)",Near Miss
ตรวจสอบพบมีการใช้งานเลื่อยวงเดือน ขอตรวจสอบ Work Permit และ JSA ไม่พบการประเมิน JSA ในการใช้งานเลื่อยวงเดือน,Unsafe Condition
ขอตรวจสอบ Safety Lead ที่ระบุไว้ใน Work Permit พบชื่อคุณวรรณิภา เซ็นระบุอยู่ที่ข้อ 1.3 และข้อ 3 แต่หน้างานจริงพบเป็นคุณจินตนา ปฏิบัติงานอยู่จึงได้สอบถามว่าคุณวรรณิภา ทำไมไม่มาดูงานนี้รับแจ้งจากคุณจินตนา ว่าไม่ได้เข้ามาทำงานทางบริษัทให้เข้ามาดูงานแทน,Near Miss
"ตรวจสอบพบ ข้อ 1.1 Permit Requester ชื่อนายก่อเกียรติ เป็นผู้ขออนุญาต (ไม่ได้เข้ามาทำงาน)
ข้อ 3 Permit Requester ที่ลงชื่อมาดูงานชื่อนายดำรงเกียรติ 
เอกสาร Safe Work Checklist งานที่ก่อให้เกิดประกายไฟ,งานบนที่สูงและ JSA จะต้องมีการตรวจสอบหน้างานก่อนจาก Checklist พบมีการลงชื่อนายก่อเกียรติ (ไม่ได้เข้ามาทำงาน)",Unsafe Condition
"ตรวจสอบพบ ข้อ1.1 Permit Requester ลงชื่อนายก่อเกียรติ (ผู้ขออนุญาต) ไม่ได้เข้าทำงาน
ข้อ 3 Permit Requester ลงชื่อนายดำรงเกียรติ ในการขอเปิดงาน 
เอกสาร Safe Work Certificate และ JSA ในเอกสารลงชื่อนายก่อเกียรติ ผู้ขออนุญาต เพราะเอกสาร Safe Work Checklist จะต้องมีการตรวจสอบที่หน้างานก่อนเริ่มทำงานเพื่อความปลอดภัย คนที่ลงชื่อไว้ไม่ได้เข้ามาทำงาน",HNM
ตรวจสอบพบการล้อมพื้นที่ Generator มีการล้อมพื้นที่เรียบร้อยมีทางเข้า-ออก ชัดเจน พบไม่ติด TAG BARRICADE ,Near Miss
ตรวจสอบพบ Mask ช่างเชื่อม ตัว Body หมดอายุมีการใช้งานเกิน 5 ปี,
ตรวจสอบพบ Safety Lead ควบคุมงานตั้งนั่งร้านเอกสารมีระบุการทำงานบนที่สูง ของตรวจสอบบัตร Safety Lead พบ การสอบขึ้นทะเบียน Working at Height Work หมดอายุ (สอบจาก S#3) ,Near Miss
ตรวจสอบพบคู่ร่วมธุรกิจบริษัท HHP ทำการเจียร Support พบ Grinder ขนาด 4 นิ้ว ไม่สวมใส่ Handle ขณะปฏิบัติงาน,Unsafe Condition
ตรวจสอบ JSA คู่ร่วมธุรกิจบริษัท HDS พบขาดการประเมินงาน Water Jet (รูปแนบ),Unsafe Condition
ตรวจสอบ Work Permit เอกสารแนบงานที่เกี่ยวกับแรงดันสูง,Unsafe Condition
ตรวจสอบไม่พบเอกสาร งานที่เกี่ยวแรงดันสูงแนบ,Unsafe Action
"ตรวจสอบพบเอกสารแนบ Safe Work Certificate การปิดกั้นป้องกันลูกไฟ
 (Hot Work) Fire Watch ไม่ลงข้อมูลในส่วนที่ 3 (การเฝ้าระวังหลังเสร็จสิ้นการปฏิบัติงาน)ช่วงเช้า",Near Miss
"ตรวจสอบพบ JSA มีการประเมินการทำงานครบถ้วนแต่ไม่พบการลงชื่อ 
ข้อที่ 3 (ผู้วิเคราะห์ JSA)
ข้อที่ 4 (ผู้ขออนุญาต - Permit Requester)",
Field verify ลงชื่อล่วงหน้าก่อนที่จะทำการ JSA talk,
ไม่ประเมินการตัดแยกระบบ และการทำงานใกล้ source รังสี,
Permit Approver ไม่ตรงกับลักษณะงาน โฟร์แมนอนุมัติแทน ผู้จัดการแผนก ในงานHW class II,Unsafe Condition
Spark arrester ที่ครอบปลายท่อไอเสียเครื่องยนต์ของเครื่อง Water jet ขาดชำรุดไม่อยู่ในสภาพพร้อมใช้งาน,Near Miss
คู่ธุรกิจ บริษัท Protech ขึ้นไปบนนั่งร้านที่มีความสูงมากกว่า 1.8 เมตรเพื่อรื้ิอ Insulation ไม่สวมใส่ Harness ป้องกันการตก,Near Miss
มีงานทาสี และใช้ทินเนอร์ แต่ไม่ระบุ PPE เรื่องการใช้อุปกรณ์ป้องกันหายใจตามลักษณะงาน,Unsafe Condition
มีถัง Catalyst ที่สารไวไฟวางอยู่ตรงจุดที่มีงานตัดเชื่อม,Unsafe Condition
ไม่ควมคุมพื้นที่ให้อยู่ในสภาพทีปลอดภัย ยังมีวัสดุติดไฟอยู่ในพื้นที่,Unsafe Condition
บริเวณที่พักของคู่ธุรกิจงาน Shut down PP พื้นทางเดินมีน้ำทำให้พื้นแฉะ ,Unsafe Condition
ตรวจสอบจากสำเนาworkpermit ที่ประตูD3 พบว่า Permit Requestor & safety lead เซ็นชื่อรับรองความปลอดภัยหน้างาน ในข้อ 3 ก่อนเข้าไปถึงหน้างานจริง ,Unsafe Condition
- ตรวจสอบจากสำเนาworkpermit ที่ประตูD3 พบว่า Permit Requestor & safety lead เซ็นชื่อรับรองความปลอดภัยหน้างาน ข้อ 3 ก่อนเข้าไปถึงหน้างานจริง ,Near Miss
Permit Requestor และ safety lead ไม่ได้เซ็นชื่อรับรองความปลอดภัยหน้างาน ข้อ 3,Unsafe Condition
ไม่มีเอกสาร Health check แนบกับwork permit,
ตรวจสอบ 5ส. พบถุงมือที่ใช้แล้ววางทิ้งไว้ไม่จัดเก็บ/ กล่องใส่ขวดทดลองวางไม่เป็นระเบียบ /ขวดน้ำกลั่นวางเป็นเครื่องไฟฟ้าไม่ปิดฝา / มีสิ่งกีดขวางเครื่องดับเพลิง,Near Miss
"ตรวจสอบ บริเวณจุดตั้งเครื่อง Water Jet พบท่อครอบไอเสียเครื่องหลุดร่วงลงมาด้านล่าง 
",Unsafe Condition
ตรวจสอบพบเอกสารแนบไม่ครบถ้วนอ้างอิงเอกสาร Safe Work Certificate SE-F-0273 Rev.001 ข้อ 2.1รายชื่อ 4 ผู้ มีระบุแต่เอกสาร Cer.ผ่านอบรมของคนขับ Crane ไม่มีแนบ,Unsafe Condition
ตรวจสอบพบเอกสารแนบไม่ครบถ้วนอ้างอิงเอกสาร Safe Work Certificate SE-F-0273 Rev.001 ข้อ 2.1 รายชื่อ 4ผู้ มีระบุแต่เอกสาร Cer.ผ่านการอบรมคนขับ Crane ไม่มีแนบ,Unsafe Condition
ตรวจสอบพบงานถอด Control Valve พบการใช้ Sling ผ้า ยกโดยใช้ขนาดที่ยาวเกินไปและทำการผู้มัดเป็นปมและเป็นจุดที่รับแรงอาจจะทำไม้Slinf ผ้าเสียหายหรือขาดได้ อาจจะทำอันตรายต่อบุคคลที่กำลังปฏิบัติงานได้,Near Miss
ตรวจสอบพบเอกสาร Safe Work Certificate ไม่มีการตรวจสอบโดย Permit Requester (มีการทำงานแล้ว),Unsafe Condition
ตรวจสอบพบ JSA ขาดการประเมินความเสี่ยงในงานการทำงานบนที่สูง,
พบถังสีที่ใช้งานหมดแล้วไม่มีการจัดเก็บในภาชนะ และ ไม่มีป้ายบ่งชี้จุดจัดวาง,Unsafe Condition
ตรวจสอบพบ JSA ขาดการประเมินความเสี่ยงในงานการทำงานบนที่สูง (มีการปฏิบัติงานแล้ว)และทำการประเมิน JSA ในช่องตำแหน่งและพื้นที่ในการทำงาน หัวข้อที่ 5,Near Miss
"จุดที่มีการใช้งานหรือจัดเก็บสารเคมี ไม่มี SDS , Diamond sign",Unsafe Condition
ตรวจสอบ 5ส. พบรถจักรยานที่ไม่ใช้งานแล้วจอดทิ้งไว้ข้าง Line น้ำดับเพลิง'และ บนหลังตู้ระบบอุปกรณ์ฉุกเฉิน ,Near Miss
- ตรวจสอบจากสำเนาworkpermit ที่ประตูD3 พบว่า Permit Requestor & safety lead เซ็นชื่อรับรองความปลอดภัยหน้างาน ข้อ 3 ก่อนเข้าไปถึงหน้างานจริง ,Near Miss
#NAME?,
#NAME?,
พบทีมงานทำงาน PT แนวเชื่อม E-3712 ไม่สวมใส่อุปกรณ์ป้องกันทางเดินหายใจตามมาตรการกำหนด,Near Miss
"ตรวจสอบพบ JSA ในหัวข้อที่ 5 พบมีการติ๊กข้อมูล ทางเข้า-ออก และ ตำแหน่งในการทำงาน ในข้อ 5.1 พื้นที่ทำงานคับแคบ/ต้องปีนข้าม
5.2 พื้นที่ปฏิบัติงานคับแคบ/ต้องก้มเงย 
มีการติ๊กข้อมูลดังกล่าวแต่ไม่ประเมิน JSA เพิ่ม",Unsafe Condition
ตรวจสอบพบการทำงานทีม Instrument บริษัท Forword กำลังติดตั้งอุปกรณ์พบ JSA ขาดประตรวจสอบโดย Safety Lead,Near Miss
ตรวจสอบพบ Work Permit เปิดงานเป็น งานทั่วไป พบการปฏิบัติงานจริงเป็นงานยกโดย Crane 70 Ton ตาม Permit to work ควรที่เปิดเป็นงาน H/W Class II ,Near Miss
"ตรวจสอบ JSA พบมีการประเมินเรื่องงานทาสี พบมีการประเมินเรื่องการใช้ Mask 6003 ในการปฏิบัติงานทาสี 
พบคู่ร่วมธุรกิจกำลังทาสรไม่สวมใส่ Mask 6003 ตามที่ระบุใน JSA (สวมใส่เป็นผ้าปิดหน้าเท่านั้น",Near Miss
ไม่สวมใส่อุปกรณ์ที่ระบุใน JSA ให้ครบถ้วน,
พบมีการทำงานบนที่สูงพบคู่ร่วมธุรกิจออกนอกนั่งร้านและยืนทำงานบน Pipe นั่งร้าน แต่สวมใส่ Safety Harness และคล้องเกี่ยว (ผิดข้อกำหนดในการทำงานบนนั่งร้าน),Near Miss
พบถัง SCBA ที่เป็นอุปกรณ์ของทีม Rescue ไม่ผ่านการตรวจสภาพ,
ตรวจสอบเอกสาร Safe Work Certificate SE-F-0286 Rev.002 หัวข้อที่ 5 มีการติ๊กข้อมูลว่าผ่าน โดยข้อมูลไม่ตรงกับหน้างาน ควรติ๊กว่าไม่เกี่ยวข้อง,Near Miss
ตรวจสอบพบ JSA ขาดการตรวจสอบโดย Safety Lead ในงานบนที่สูง โดย JSA มีระบุครบแต่ขาดการประเมินก่อนเริ่มทำงาน,Unsafe Condition
ตรวจสอบพบเอกสาร Safe Work Certificate SE-F-0286 Rev.002 ตรวจสอบพบข้อที่ 5 มีการตรวจสอบไม่ตรงกับหน้างานและมีการติ๊กข้อมูลที่ผ่านการตรวจสอบ (ที่ถูกควรติ๊กข้อมูลในช่องที่ไม่เกี่ยวข้อง),Near Miss
ไม่สวม? ppe.ถุงมือป้องกันการบาดเจ็บ,
ตรวจสอบJSA ไม่มีการประเมินความเสี่ยงเรื่อง การถอดประกอบPIPE & safety valve,Near Miss
ตรวจพบ อุปกรณ์พัดลม Blower  ที่นำมาใช้งานไม่ผ่านการตรวจสภาพ,Unsafe Condition
ตรวจสอบ JSA พบ Safety Lead ไม่ตรวจสอบมาตราการหน้างาน,Unsafe Condition
"ตรวจสอบ Safe Work Certificate พบการทำงานที่ไม่ตรงกับเอกสารที่ตรวจสอบ
- ข้อที่ 5,9,10,11 ตรวจสอบแบบไม่ได้อ่านข้อมูลในเอกสาร
 ",Unsafe Condition
ตรวจสอบเอกสาร Safe Work Certificate มีการตรวจสอบในหัวข้อที่ 5 ซึ่งไม่ตรงกับจุดทำงานจริง,Near Miss
"ตรวจสอบเอกสาร JSA พบขาดการประเมินในหัวข้อที่ 5 
5.1,5.2 
มีการปฏิบัติงานแล้ว",
ไม่ลงข้อมูลใน JSA ช่อง 6.1 ตรวจสอบมาตรการหน้างาน,Unsafe Condition
ตรวจสอบเอกสาร Safe Work Certificate การปิดกั้นป้องกันลูกไฟหรือสะเก็ดไฟ ไม่พบผลการตรจสอบ,Unsafe Condition
ยังขาดการควบคุมหน้างานยังไม่ดี เนื่องจากพบว่ามีการขึ้นบนนั่งร้าน แต่ไม่ได้สวมใส่ Harness อุปกรณ์ป้องกันการตก,Near Miss
มีเอกสารการทำงานบนที่สูงแนบมากับ work permit แต่ไม่ลงข้อมูลในเอกสาร,Unsafe Condition
ไม่สวมใส่ Harness เมื่อขึ้นบนนั่งร้าน,
ไม่สวมใส่ Harness กันตก,
ตรวจสอบ JSA พบว่าไม่ได้ประเมินความเสี่ยงเกี่ยวกับการใช้เลื่อยไฟฟ้า ที่นำมาใช้งานที่หน้างาน,Near Miss
ตรวจสอบพบ Pressure Regulator ยังไม่ผ่านการตรวจสอบก่อนนมาใช้งาน,Near Miss
ตรวจสอบพบนั่งร้านใช้ Tag เขียว แต่หมดอายุการใช้ ,
ตรวจสอบพบเอกสาร Safe Work Certificate งานยก พบไม่มีการคำนวณในเอกสารให้ครบถ้วน(มีการปฏิบัติงานแล้ว),Unsafe Condition
ตรวจพบสิ่งของวางไม่เป็นระเบียบ ไม่ถูกต้องตามหลัก 5 ส.,
ตรวจพบจุดวางทินเนอร์ ไม่มี SDS ,
ตรวจสอบพบงานเจียร Grinding ไม่ใส่ Handle ขณะทำการเจียร ,
"ตรวจสอบเอกสาร Safe Work Certificate
SE-F-0189 Rev.007 งานที่ก่อให้เกิดประกายไฟ
พบการลงรายละเอียดส่วนที่ 3 ก่อนเสร็จงาน 30 นาที ตามเวลาดังรูป (ลงข้อมูลโดย Safety Lead ข้อมูลดังกล่าวต้องลงข้อมูลโดย Fire Watch)",Near Miss
ตรวจสอบพบเอกสารแนบ Safe Work Certificate ส่วน Work Permit ไม่มีการติ๊กข้อมูลข้อ 1.4 หัวข้อ งานบนที่สูง,Unsafe Condition
ตรวจสอบ Safe work Certificate งานที่สูง มีการตรวจสอบข้อมูลโดยเจ้าของงานก่อนเริ่มทำงาน ข้อที่ 5 ข้อมูลไม่ตรงกับหน้างานจริง,Near Miss
ตรวจสอบพบเอกสาร Safe Work Certificate งานบนที่สูง พบมีการตรวจสอบที่ไม่ตรงกับหน้างานรื่อง บันได A บันไดพาด,Near Miss
ตรวจสอบพบงานเชื่อม พบคู่ร่วมธุรกิจบริษัท ECE ผู้ช่วยช่างมีงานเชื่อมแต่ผู้ช่วยช่างไม่สวมใ่ Mask ป้องกันอันตรายจากฟูมงานเชื่อม,Unsafe Condition
ตรวจสอบพบมีการทำงานบนที่สูง แต่พบไม่การประเมิน JSA การทำงานบนที่สูง,
ตรวจสอบพบ Work Permit มีงานบนที่สูง แต่ขาดการลงข้อมูลในหัวข้อที่ 4 งานบนที่สูง,Unsafe Condition
ตรวจสอบพบมีการทำงานบนที่สูงแต่ขาดเอกสารแนบ Safe Work Certificate งานบนที่สูง,Unsafe Condition
ตรวจสอบพบ Work Permit ไม่ระบุข้อมูลลงในเอกสาร ไม่ติ๊กข้อมูลงานยกและงานบนที่สูง,Near Miss
ตรวจสอบพบมีการทำงานบนที่สูงแต่สน JSA ไม่พบการประเมินการทำงานบนที่สูง,
มีการทำงานบนที่สูงไม่พบเอกสาร Safe Work Certificate SE-F-0286 Rev.002 แนบ,Unsafe Condition
ตรวจสอบพบ Work Permit ไม่ระบุข้อมูลลงในเอกสาร ไม่ติ๊กข้อมูลงานยกและงานบนที่สูง,Near Miss
ตรวจสอบมีการทำงานบนที่สูงตรวจสอบเอกสาร JSA พบไม่มีการประเมินความเสี่ยงในการทำงานบนที่สูง,Unsafe Condition
พบการทำงานบนที่สูงบนนั่งร้านไม่สวมใส่ Safety Harness ,Unsafe Condition
ตรวจสอบเอกสาร Work Permit พบมีการลงทำงานในบ่อลึก 2 เมตร ถือว่าเป็นงานที่สูงไม่ติ๊กข้อมูลในหัวข้อ 1.4 งานบนที่สูง,HNM
ตรวจสอบเอกสารแนบ Safe Work Certificate SE-F-0286 Rev.002 งานบนที่สูง ไม่พบเอกสารแนบ,Unsafe Condition
"ตรวจสอบ JSA พบ Safety Lead ไม่ทำการตรวจสอบมาตราการก่อนเริ่มทำงานหัวข้อ 1.6  และทำการประเมิน JSA หัวข้อ 5.1,5.2 ใหม่เพราะงานมีความเสี่ยง",Near Miss
ตรวจสอบเอกสา Safe Work Certificate งานยก SE-F-0213 Rev.004 พบการตรวจสอบเอกสารในหัวข้อ 2.3 และ 2.5 มีการลงข้อมูลแต่หน้างานจริงไม่มีปฏิบัติ ,Unsafe Condition
ตรวจพบอุปกรณ์นั่งร้าน กองอยู่ไม่มีTag Barricade ไม่มีการปิดล้อมพื้นที่ด้วยธงขาวแดง,Near Miss
ตรวจสอบพบ Safety Lead ขาดการตรวจสอบมาตราการและลงข้อมูล โดยหน้างานมีการทำงานแล้ว,Unsafe Condition
"ตรวจสอบ JS พบ Safety Lead ขาดการประเมินในหัวข้อ 5 5.1,5.2 โดยหน้างานพื้นที่คับแคบและจุดทำงานมีความเสี่ยงจะต้องประเมินเพิ่ม",Near Miss
พบรถ Fork Lift ไม่ปฎิบัติตาม BBS ที่กำหนด     ( จอดรถปลดกุญแจ ),
มีการใส่Blind ที่Line Pipeเรียบร้อย แต่ไม่มีเอกสารตัดแยกระบบ ,
ผู้ปฏิบัติงานไม่ได้ล๊อคกุญแจ,
ยังไม่มีเอกสาร Blind list,
ยังไม่มี JSA,
ยังไม่มีเอกสาร,
ตรวจสอบแล้วไม่มีการแนบเอกสาร WAH,
มีช่องเปิด ตรงทางลง แต่ไม่มีการปิดล้อมพื้นที่,
ตรวจสอบแล้ว ผู้ปฏิบัติงานบนที่สูงไม่ได้ Health check ก่อนเริ่มทำงาน และไม่มีใบบันทึกผลHealth check,Near Miss
"ตรวจสอบเอกสา JSA พบหัวข้อ 5 และ 5.1,5.2 ไม่พบการวิเคราะห์ในเอกสาร",
"ตรวจสอบ JSA พบขาดการวิเคราะห์ในหัวข้อที่ 5 และ 5.1,5.2 และพบ Permit Requester และ File VerIfier ยังไม่เซ็นเอกสารตรวจสอบมาตราการ",
ตรวจสอบเอกสาร Safe Work Certificate งานบนที่สูงไม่พบการตรวจสอบและลงข้อมูล,Unsafe Condition
ตรวจสอบ Work Permit พบมีการทำงานบนที่สูงแต่ไม่ติ๊กข้อมูลลงใน Work Permit หัวข้อ 1.4 งานบนที่สูงแต่พบเอกสาร Safe Work Certificate แนบ,Near Miss
มีการปิดกั้นพื้นที่แต่ไม่มีป้ายติดพื้นที่ปฏิบัติงาน,Unsafe Condition
"มีถุงใส่ผ้าซับนำมันล้นออกมานอก bund , และมีคราบน้ำมันนอก bund , มีน้ำมันหกอยู่ใน bund หน้าห้อง oiler ที่ไม่มีหลังคาคลุม เมื่อฝกตกน้ำขังจะทำให้คราบน้ำมันล้นออกมาภายนอกได้",Near Miss
พบก้อน polymer วางอยู่ตรงจุดที่มีงานตัดซึ่งเป็นงาน hot work class I ซึ่งเป็นวัสดุติดไฟ ,Near Miss
การตรวจสภาพหน้างานยังไม่ดีพอ ยังพบก้อน polymer ที่ติดไฟได้อยู่ในพื้นที่,
งานประกอบหน้าแปลนผู้ปฏิบัติงานอยู่ในตำแหน่ง line of fire ถ้าค้อนหลุดมือจะโดนผู้ปฏิบัติงานที่อยู่ด้านตรงข้ามได้,Near Miss
"ผู้ปฏิบัติงานไม่ปฎิบัติตามมาตรการที่กำหนดไว้
ใน JSA (ไม่สวมใส่อุปกรณ์ป้องกันดวงตา )",Unsafe Condition
"ตรวจพบสเก็นที่ใช้งานกับสลิงกระเช้ายกของ ยังไม่ผ่านการตรวจสภาพ
 ( Tag ยังเป็นของเดือนมีนาคม-สีเขียว )",Near Miss
"ตรวจสอบงาน Lifting By Crane 70 ton พบเอกสาร Safe Work Certificate แนบไม่ Update 
เดิม SE-F-0213 Rev.002
ใหม่ SE-F-0213 Rev.004",Near Miss
ไม่มีผู้ควบคุมไฟฟ้าที่หน้างาน,
มีการทำงานบนนั่งร้านสูงเกิน 1.8 เมตร แต่ผู้ขออนุญาตไม่ได้แนบเอกสาร WAH Certificate ,Unsafe Condition
ตรวจสอบพบว่า ฝาเพดานชำรุด อาจล่วงหล่น โดนคนด้านล่างได้ (เจ้าของพื้นที่แจ้งงานซ่อมกับGAแล้ว),Near Miss
ใน JSA มีการประเมินที่ไม่ครอบคลุม เนื่องจากไม่มีการประเมินเกี่ยวกับทำงานที่สูง และ เครื่อง Water Jet ที่เป็นอุปกรณ์ไฟฟ้า,Unsafe Condition
ประเมินไม่ครบ,
ประเมินไม่ครบ,
ไม่มีการสวมใส่อุปกรณ์,
ไมีมีการลงข้อมูลการตรวจสอบใน JSA,
"บริเวณจุด Loadอุปกรณ์ป้องกันการตก สติ๊กเกอร์ตรวจสภาพหมดอายุ
( สีน้ำตาลของเดือนเมษายน )",Near Miss
"บริเวณจุดเปลี่ยนแบตฯ อุปกรณ์ช่วยยก
 สติ๊กเกอร์ตรวจสภาพหมดอายุ
( สีน้ำตาลของเดือนเมษายน )",Near Miss
มีการทำงานบดอัดดินด้วยเครื่องตบดิน แต่ไม่ได้ระบุลักษณะงาน และเครื่องมือที่ใช้ บนwork permit,Near Miss
เจ้าของพื้นที่ไม่ลงชื่อปิด work permit เมื่องานเสร็จสิ้น,
Tag ตรวจสอบsafety harness ยังไม่อัพเดทเป็นTag ปัจจุบัน,Unsafe Condition
"ตรวจสอบ Lifting By HIAB 8 Ton พบเอกสาร Safe Work Certificate แนบไม่ Update 
- เดิม SE-F-0213 Rev.002
- ใหม่ SE-F-0213 Rev.004",Unsafe Condition
ตรวจสอบพบ JSA ข้อ 5.1 ขาดการประเมิน,
"ตรวจสอบ Work Permit พบ 
หัวข้อ 1.2 (จำนวนคนทำงาน)และ
หัวข้อ 1.3 (ไม่ลงชื่อ Safety Lead)",Near Miss
ตรวจสอบเอกสารงานยก SE-F-0213 Rev.004 พบมีการทำงานยกแต่ไม่ลงข้อมูลการคำนวณงานยกก่อนเริ่มงาน,Unsafe Action
ตรวจสอบ JSA พบหัวข้อ 5  5.1 และ 5.2 ประเมินการทำงานไม่ตรงกับหน้างานจริง มีการมุด มีการปีน ลอด ,Near Miss
"ตรวจสอบ JSA พบหัวข้อ 5 5.1 และ 5.2 ประเมินการทำงานไม่ตรงกับหน้างานจริง มีการมุด มีการปีน ลอด
",Near Miss
ตรวจสอบ Work Permit พบมีการทำงานบนที่สูงแต่ไม่ลงข้อมูลในหัวข้อ 1.4 งานบนที่สูง ,Near Miss
ตรวจสอบการทำงานพบมีการทำงานบนที่สูง ตรวจสอบ Safe work certificate งานบนที่สูงพบไม่มีการตรวจสอบในเอกสารและเซ็นเอกสารโดย Permit Requester,Near Miss
ไม่มีการปิดล้อมพื้นที่ แขวนป้ายเตือน ,Unsafe Condition
ตรวจพบรถบรรทุกพัสดุ ที่กำลังขนถ่ายพัสดุ ไม่หนุนที่รองล้อรถ,Unsafe Condition
ตรวจสอบพบวิธีการล้อมผ้ากันไฟ ไม่เป็นไปตามข้อกำหนด (ตามรูป) มีงานเชื่อมการล้อมผ้าไม่สามารถป้องกันแสงจากงานเชื่อมได้ ล้อมต่ำกว่าจุดงานเชื่อม,Near Miss
ตรวจสอบพบ Safe Work Certificate มีการตรวจสอบมาตราการเรียบร้อยแต่ ส่วนที่ 1 การขออนุญาต,Unsafe Condition
ตรวจสอบ Work Permit หัวข้อ 1.4 งานบนที่สูงไม่ทำการติ๊กข้อมูลให้ครบตามเอกสารแนบ,Near Miss
ตรวจสอบเอกสาร Safe Work Certificate พบไม่การลงข้อมูลในหัวข้อที่ 5 และ หัวข้อที่ 15 ,
ตรวจสอบ JSA ไม่พบการประเมินความเสี่ยงการทำงานบนที่สูง,Unsafe Condition
ตรวจสอบ Work Permit พบการขนย้ายของโดยรถยนต์แต่ Work Permit เปิดเป็นงาน Cold Work  ,Near Miss
ตรวจสอบ Safe Work Certificate ขาดการตรวจสอบมาตราการและลงข้อมูลทั้งหมด ,Unsafe Condition
ตรวจสอบ Work permit มีการลงข้อมูลในใบอนุญาตทำงานไม่ครบถ้วน ไม่เขียนชื่อ ผู้ขออนุญาตทำงานทำงานใน Work permit,Unsafe Action
ตรวจสอบไม่พบเอกสารการตรวจสุขภาพผู้ปฎิบัติงาน,
ประเมินไม่ครบถ้วน,
ประเมินในjsaไม่ครบถ้วนถึงการใช้หินเจียร,
ประเมินใน JSA ไม่ครบ,
มีคราบน้ำมันบนพื้นทางเดิน,
ประเมินไม่ครอบคลุม,
ไม่มีเอกสารงานขุดแนบกับ work permit,
ปิดล้อมพื้นที่ด้วยท่อ pvc  ที่ไม่ใช่  hard barricade,Unsafe Condition
ทำงานหุ้ม Insulation แต่ไม่สวมใส่อุปกรณ์ป้องกันระบบทางเดินหายใจ ( N 95 )ตาม JSA ที่กำหนด,Near Miss
ตรวจสอบพบ Grinder ขัดพนัง พบขาด Handle อันตราย,Unsafe Condition
"ตรวจสอบ JSA งาน Chemical Cleaning พบมีการประเมินความเสี่ยงไม่ครบกับวิธีปฏิบัติงาน 
- งาน Hydro Test 
- งานเติมสารเคมี 
- งานจัดเก็บสารเคมีกรณีรั่วไหล การเตรียมชุด Spill Kit ",Near Miss
ตรวจสอบชุด Spill Kit พบ Mask 6006 ใกล้หมดอายุในการใช้งานและแว่น Goggle สภาพไม่พร้อมใช้งาน และกล่องยาตรวจสอบพบยาแก้แพ้และทิงเจอร์,Near Miss
พบมีการทำงานบนที่สูงเกิน 1.8 เมตร มีการสวมใส่ Safety Harness แต่ไม่คล้องเกี่ยวกับจุดที่ปฏิบัติงาน,Near Miss
ตรวจสอบพบ Grinder กำลังปฏิบัติงานพบไม่สวมใส่ Handle ,Unsafe Condition
ผู้ขออนุญาตไม่ได้กำหนดมาตรการ เรื่องการใช้อุปกรณ์ PPE ตามลักษณะงาน,Near Miss
safety lead ไม่ตรวจสอบมาตรการที่หน้างาน แต่ได้เริ่มงานไปแล้ว,HNM
ตรวจสอบBund No.7 พบป้ายแสดงประเภทwaste ซืดจาง มองไม่ชัด,Unsafe Condition
ไม่มีการปิดล้อมพื้นที่ ไม่มี Barricades Tag ,
ตรวจสอบ Work Permit หัวข้อ 1.4 หัวข้อ งานที่มีความร้อนและประกายไฟ มีการติ๊กข้อมูลแต่ไม่มีเอกสาร Safe Work Certificate แนบ (Work Permit เปิดเป็นงาน Class II),HNM
ตรวจสอบเอกสาร Safe Work Certificate งานที่มีความร้อนและประกายไฟ พบ Permit Requester ไม่ลงข้อมูลการรับรองตามข้อกำหนด หัวข้อที่ 3,Near Miss
เครื่อง Air Com พบสายลมมีการใช้ Safety Sling มีการรัดสายที่ไม่ถูกวิธี มีการัดสายที่ระยะการสะบัดหลุดอันตราย,Near Miss
พบมีการนำน้ำมันหล่อลื่นใส่ในขวดน้ำดื่ม,
"1.	Safety lead ที่ควบคุม งานยก งานที่สูง ขึ้นทะเบียนแล้วแต่ไม่ได้ Update สติ๊กเกอร์ให้เป็นปัจจุบัน สติ๊กเกอร์หมดอายุตั้งแต่วันที่ 17/3/65 ซึ่งผิดมาตรฐาน SD-SF-S-0007 มาตรฐานกำหนดบทบาทบุคคลสำคัญในระบบอนุญาตทำงาน",Near Miss
มีการทำงานบนที่สูง แต่ผู้ขออนุญาตไม่ได้ตรวจสอบมาตรการความปลอดภัยในแบบฟอร์มตรวจสอบการป้องกันการตกจากที่สูง (SE-F-0286) ซึ่งผิดมาตรฐาน SE-O-0025 Rev.005_มาตรฐานความปลอดภัยในการปฏิบัติงานบนที่สูง (Working at Height),HNM
มีงานยกด้วยรถขยุ้มเหล็ก แต่ผู้ขออนุญาตไม่ได้กรอกรายละเอียดLifting Plan ซึ่งผิดมาตรฐาน SD-SF-S-0012 Lifting Work Safety Standard ,Near Miss
พบเก้าอี้ชำรุด ล้อเลื่อนเสียหาย,
ตรวจสอบพบเครื่อง Generator ไม่พบผู้เฝ้าระวัง ตามข้อกำหนด ที่เครื่องมีติดชื่อผู้รับผิดชอบแต่ไม่ได้เข้ามาทำงาน,Near Miss
ผู้ขออนุญาตกำหนดมาตร PPE ไม่ครบ ตามลักษณะงาน,Unsafe Condition
มีการทำงานบนที่สูงเกิน 1.8 เมตร แต่ผู้ขออนุญาตไม่ได้ประเมินความเสี่ยงเรื่องการทำงานบนที่สูง,Near Miss
มีถุงจัดเก็บเศษวัสดุ กีดขวางอุปกรณ์ฉุกเฉิน,Unsafe Condition
พบเก้าอี้ชำรุด ขาหัก ไม่ติดป้ายห้ามใช้,
ตรวจสอบ PPE งานติดตั้งนั่งร้าน ถุงมือ สภาพไม่พร้อมใช้งาน Mask หมดอายุ เกิน 5 ปี,Unsafe Condition
ตรวจสอบพบงานเชื่อม พบช่างประกอบไม่สวมใส่ MASK ที่ป้องกันอันตรายจาก ฟูม งานเชื่อม,Unsafe Condition
ตรวจสอบพบงานเชื่อม พบช่างประกอบไม่สวมใส่ MASK ที่ป้องกันอันตรายจาก ฟูม งานเชื่อม,Unsafe Condition
ตรวจสอบ JSA พบขาดการตรวจสอบมาตราการก่อนเริ่มทำงาน,
เครื่อง Air Com พบสายลมมีการใช้ Safety Sling มีการรัดสายที่ไม่ถูกวิธี มีการัดสายที่ระยะการสะบัดหลุดอันตราย,Near Miss
พบจุดวางถังอาร์กอนงานเชื่อมด้านล่างไม่มีการปิดกั้นพื้นที่,Near Miss
ตรวจสอบพบเครื่องดูดฝุ่นที่นำมาใช้ ตรวจสภาพแล้ว แต่สติ๊กเกอร์ตรวจสภาพยังไม่เป็นปัจจุบัน ,Near Miss
PPE ป้องกันการหายใจ ระบุมาตรการไม่สอดคล้องกับJSA  และสารเคมีใช้ในการทำงาน,Unsafe Condition
ผู้ปฏิบัติงานยืนทาสีบนโครงสร้างเหล็กเส้นที่ไม่มั่นคง แข็งแรง มีโอกาสพลัดตก เนื่องจากจุดยืนไม่ใช่อุปกรณ์ สำหรับนำมาใช้ในการทำงานบนที่สูงตามมาตรฐาน SE-O-0025 Rev.005_มาตรฐานความปลอดภัยในการปฏิบัติงานบนที่สูง (Working at Height) ,Near Miss
ตรวจสอบพบ Regulator มีการใช้งานแต่ยังไม่ได้ตรวจสอบออกสติกเกอร์ ,
ตรวจสอบพบการทำงานยาแนง Silicone พบคู่ร่วมธุรกิจไม่สวมใส่ MASK (R-95) เพราะ Silicone อันตรายเพราะเป็นกรด และไม่สวมใส่แว่นตา ขณะปฏิบัติงาน,Near Miss
ตรวจสอบ JSA พบข้อ 5 ขาดการตรวจสอบและประเมิน,
ตรวจสอบพบนั่งร้าน TAG นั่งร้านหมดอายุ ยังไม่ได้ Update 07-14/05/65,
ตรวจสอบพบงานเจียร์พบคู่ร่วมธุรกิจกำลังใช้งาน Grinder 4 นิ้ว ไม่ใส่ Handle (ตามรูปแนบ),Unsafe Condition
พบเครื่องตบดิน ตะแกรงครอบท่อสภาพชำรุด,
ตรวจสอบพบงานเจียร์แต่งปูนพบ Grinder 4 นิ้ว พบไม่สวมใส่ Handle และไม่มีการล้อมพื้นที่ป้องกันฝุ่น,Unsafe Condition
ตรวจสอบพบ JSA หัวข้อที่ 5 ขาดประเมินการทำงาน และหัวข้อที่ 6 Safety Lead ขาดการตรวจสอบและเซ็นเอกสาร,Unsafe Condition
ปิดกั้นพื้นที่แต่ไม่มีป้ายชี้บ่ง,
"ตรวจสอบ Work Permit หัวข้อที่ 4 ขาดการตรวจสอบตามเวลาและลงข้อมูล ตามหัวข้อที่ 2 ตรวจสอบ LEL ทุก 2 ชั่วโมง 
และตรวจสอบหน้างานทุกๆ 2 ชั่วโมง ขาดการตรวจสอบ",Near Miss
ยกอุปกรณ์เครื่อง Genฯ เรียบร้อย แต่ไม่มีการตรวจสอบตามรายละเอียดใน JSA,Unsafe Action
จักรยานชำรุด ไม่มีป้ายบอกสถานะบ่งชี้  ,
ไม่มีป้ายสำหรับที่จอดจักรยาน,
เอกสารแบบฟอร์มรับรองการปฏิบัติตามข้อกำหนดการป้องกันการตกจากที่สูง ไม่อัพเดท ,Unsafe Condition
"JSA ประเมินไม่ครอบคลุม 
(ไม่มีการประเมินเรื่องสารเคมีใน จุดที่ปฎิบัติงาน )",
"มีการตัดแยกระบบที่หน้างาน และระบุในJSA 
 แต่work permit ไม่มีเลขLOTO",Unsafe Condition
ไม่มีการใช้หินเจียร์ที่หน้างาน แต่safety lead ตรวจสอบมาตรการว่ามีการใช้,Unsafe Condition
safety latch ขอตะขอยก หลุดออกจากตัวตะขอ เวลายกของ สลิงอาจหลุดออกจากตะขอได้ ,Unsafe Condition
บันไดเลื่อน ผ่านการตรวจสภาพแล้ว แต่Tag ตรวจสอบอุปกรณ์ไม่อัพเดท,Unsafe Condition
ตรวจสอบพบ Safe Work Certificate SE-F-0286_Rev.002 งานบนที่สูง พบรายการตรวจสอบข้อที่ 9 และ 10 การทำงานบนบันไดทรง A,Unsafe Condition
"ตรวจสอบพบชุด ARGON บนรถพบการใช้งานอยู่ตรวจสอบพบไม่มีอุปกรณ์เสริมเช่น น้ำยา Test Leak , ประแจเบอร์ , เทปพันเกลียว ",Near Miss
ตรวจสอบพบ Safe Work Certificate SE-F-0286_Rev.002 พบขาดการตรวจสอบเอกสาร ,
ตรวจสอบงานทาสีพบคู่ร่วมธุรกิจกำลังทาสีการ์ดเครื่องจักร M-301 พบไม่สวมใส่ Mask ที่ถูกต้องมีระบุใน JSA แต่ไม่ปฏิบัติตาม,Near Miss
พบการปฏิบัติงานโดยใช้เครื่องตัดพื้นปูนพบไม่ล้อมพื้นที่ป้องกันและไม่สวมใส่อุปกรณ์ป้องกันการได้ยิน Ear Muff โดยมีระบุใน JSA แต่ไม่ปฏิบัติตาม,Unsafe Condition
ตรวจสอบพบ Grinder 7 นิ้ว พบสภาพอุปกรณ์ไม่พร้อมใช้งานโดยมีลวดเชื่อมมาขัดกับการ์ดเพื่อขัดให้แน่น อันตราย,Unsafe Condition
ประเมิน JSA ไม่ครอบคลุม,
"ประเมิน JSA ไม่ครอบคลุม
 ( เนื่่องจากมีการนำรถเข็นมาใช้งาน )",
รถเข็นที่นำมาใช้งานล้อยางสภาพไม่พร้อมใช้งาน,Unsafe Condition
พบไม่การปิดกั้นและปิดล้อมพื้นที่ตามมาตรการ,
ลงข้อมูลไม่ครบ (ไม่มีงานที่สูง ),
"ประเมิน JSA ไม่ครอบคลุม 
( ไม่มีประเมินเรื่องพืันที่ติดตั้งรถ )",
พบแผ่นรองขาช้างไม่ได้มาตรฐาน,
ไม่มีแนบเอกสารงานที่สูง,
ตรวจสอบเอกสารพบเอกสารใบเซอร์ของผู้ให้สัญญาณและผู้ผูกยึดหมดอายุ,
ไม่มีการปิดล้อมพื้นที่และป้ายชี้บ่ง,
"ตรวจพบพื้นถนนบริเวณทางออกติดแนวรรั้วลานจอดรถ HD-2 ,3 สภาพชำรุด",Near Miss
ตรวจสอบพบงานทาสีพบคู่ร่วมธุรกิจไม่สวมใส่ Mask R95 8247 ป้องกัน (ตามรูป),Unsafe Condition
ตรวจสอบพบคู่ร่วมธุรกิจขึ้นทำงานบนที่สูงโดยออกจากนั่งร้านและทำงานบน Line Pipe อันตรายอาจจะพลาดตกจากที่สูง,Near Miss
JSA ไม่ได้ประเมินความเสี่ยงเกี่ยวกับอุปกรณ์ที่นำมาทำงาน คือไม่ได้ประเมินเรื่องการใช้กรรไกร เสียม มีดดายหญ้า,Unsafe Condition
พบป้ายขั้นตอนการใช้โฟมดับเพลิง ซีดจาง,Unsafe Condition
ตรวจสอบพบ MASK ตัวที่เป็นหน้ากากหมดอายุการใช้งานสภาพและเดือนและปีหมดอายุ,Unsafe Condition
ตรวจสอบพบการผูกมัดอุปกรณ์ Monorail มีน้ำหนักการมัดด้วย Sling มีการบิดตัว (ตามรูป) จุดบิดตัวจะเป็นจุดรับหนักมากอาจจะทำให้ Sling เสียหายและอาจจะทำให้ขาดได้,Near Miss
ตรวจสอบ work permit ไม่มีการลงรายละเอียดการ Lock ระบบ LO/TO ซึ่งไม่สอดคล้องกับเอกสารเจ๊เอที่แนบมา,
ตรวจพบข้อ 2 งานถอดเปลี่ยนอุปกรณ์มาตรการความปลอดภัยไม่ชัดเจน,Unsafe Condition
ตรวจสอบ work permit พบว่ามีแต่ข้อมูลของงานแก้ไขหลังคาของคู่ธุรกิจเจ้นจันทร์ แต่ไม่มีรายละเอียดของคู่ธุรกิจบริษัทแม็กซิโม่ที่มารือนั่งร้าน,Unsafe Condition
พบมีการทำงานรื้อนั่งร้านแต่ใน jsa ไม่มีการตรวจสอบมาตรการหน้างาน,Unsafe Condition
safety lead ไม่ตรวจสอบมาตรการหน้างาน ข้อที่ 6.1 ในลักษณะการทำงานบนที่สูง แต่งานได้ทำไปแล้ว,Unsafe Condition
ผู้ขออนุญาต มีงานยกแต่ไม่ระบุCerticate งานยก / ไม่ระบุชื่อ safety lead / มีการทำLOTO แต่ไม่ระบุ Lock box number,Near Miss
จุดวางอุปกรณ์การทำงานของส่วนซ่อม ปิดล้อมพื้นที่แล้ว แต่ไม่มี barricade tag,Near Miss
ตรวจสอบพบมีการทำงานยาแนว Silicone พบคู่ร่วมธุรกิจไม่สวมใส่ MASK และถุงมือยางโดย PPE ระบุในเอกสารหัวข้อ 1.6 Work Permit และหะวข้อที่ 4 ตรวจสอบหน้างาน พบ Field Verifier ไม่ตรวจสอบตามเวลา,Near Miss
ตรวจสอบ JSA พบมีการทำงานยาแนว Silicone พบมีการลงข้อมูลตรวจสอบ (ไม่เกี่ยวข้อง) แต่มีการปฏิบัติงาน,Unsafe Action
ตรวจสอบ Work Permit พบหัวข้อ 4 ตรวจสภาพงานตามเวลา Field Verifier ไม่มาตรวจและลงเวลาช่วงเวลาที่ 3,Near Miss
ตรวจอบพบมีการเทปูน พบผู้ปฏิบัติงานไม่สวมใส่ PPE (ถุงมือยาง) ตามที่ระบุใน JSA ,Unsafe Condition
ตรวจสอบพบมีการปฏิบัติงานบนบันได A พบเอกสาร Safe Work Certificate SE-F-0286_Rev.002 งานบนที่สูง ขาดการประเมินมาตราการ,Unsafe Condition
"Safety lead ลงชื่อการตรวจสภาพงานเป็นไปตามมาตรการที่กำหนดในระหว่างการปฏิบัติงานล่วง ก่อนเวลาจริง (Audit เวลา 11:20 แต่ลงเวลาตรวจสอบ 11:30 , 13:30 น. ไว้แล้ว )",Near Miss
ตรวจสอบเอกสาร JSA พบขาดการประเมินมาตราการ JSA ในงานที่กำลังปฏิบัติ,
ประเมิน JSA ไม่ครอบคลุม เนื่องจากตรวจพบมีการนำน้ำยาหยอดตอไม้มาใช้งาน และ ยังนำน้ำยาใส่ไว้ในขวดน้ำ โดยไม่มีป้ายบ่งชี้ใดๆ,Near Miss
ไม่มีการปิดล้อมพื้นที่ ไม่มี barricade tag,
ตรวจพบมีการสวมใส่อุปกรณ์กันตกแต่ไม่คล้องเกี่ยว,Unsafe Condition
"ตรวจพบเบรคล้อ Stan สำหรับขึ้นไปปัดฝุ่นถุง Big Bag สภาพชำรุด 
( กด Lock ลงแต่ไม่สามารถ Lock ได้ )",Unsafe Condition
"ตรวจพบถังสีวางไว้ข้างลังเครื่องมือ โดยไม่มีภาชนะใส่เพื่อป้องกันการหก,รั่วไหล",Unsafe Condition
ไม่มีการปิดล้อมพื้นที่ ไม่มี barricade tag,
ฝาครอบรางระบายน้ำแตก ( ข้างอาคาร Bagging PP ),
Diamond sign AT Catalyst House สภาพซีดจาง ,
บริเวณบ่อ API ป้ายแสดงจุดถังดับเพลิง ซีดจาง ,
รถ JCB ของ บ. ศรีนิธิรินทร์ ที่เข้ามาปรับดิน สายโอริงน้ำมันไฮดรอลิครั่วไหลลงพื้น,HNM
พบปลั๊กไฟพ่วงที่นำมาใช้งานไม่มีสติผีกเกอร์ผ่านการตรวจสภาพ,Unsafe Condition
ตรวจสอบพบมีงานยกเรียบร้อยแต่ Safe Work Certificate งาน Lifting ขาดการลงข้อมูล ก่อนเริ่มงาน และเอกสารไม่ Update เป็น SE-F-0213 Rev.004 พร้อมเอกสารการอบรมหมดอายุ,Unsafe Condition
ตรวจสอบพบเอกสาร Safe Work Certificate พบเป็นเอกสาร TPC เข้ามาใช้งานในพื้นที่ TPE ,Unsafe Condition
ไม่สวมใส่เสื้อสะท้อนแสงตามตำแหน่งหน้าที่ๆกำหนด,Unsafe Action
พบผู้ช่วยผลิตโหลดสารเคมี สวมใส่อุปกรณ์ป้องกันการหายใจเป็นหน้ากากอนามัยทั่วไป ซึ่งไม่ตรงกับPPEใน SDS ที่ระบุไว้ที่หน้างาน SDSระบุต้องสวมใส่ หน้ากากกรองสารเคมี ไส้กรองสารละลายอินทรีย์ (ตลับกรองสีน้ำตาล),Unsafe Condition
ตรวจพบเครื่องวัดความดันโลหิต Calibration หมดอายุแล้ว ,
ตรวจสอบพบ safe Work Certificate  SE-F-0337Rev.000 รับรองการตรวจสอบหน้างาน ของ Safety Lead ไม่เซ็นเอกสารการรับรอง,Unsafe Condition
ตรวจสอบเอกสาร Work Permit เซ็นเอกสารมาตราการไม่ครบตามเวลา ทุกๆ 4 ชั่วโมง,
ตรวจสอบเอกสารใบขออนุญาต( Work Permit ) ไม่มีลงข้อมูลการ Lock Lo/To ซึ่งไม่สอดคล้องกับ JSA ที่ประเมินมา,Near Miss
ตรวจสอบเอกสารใบขออนุญาต( Work Permit ) ไม่มีลงข้อมูลการ Lock Lo/To ซึ่งไม่สอดคล้องกับ JSA ที่ประเมินมา,Near Miss
ประเมิน JSA ไม่ครอบคลุม และ สอดคล้องกับการทำงาน,
ตรวจสอบเอกสาร JSA พบหัวข้อที่ 8 พบ Safety Lead และผู้ปฏิบัติงานไม่มีการเซ็นเอกสารรับทราบการสื่อสารรายละเอียดของ JSA ,Near Miss
ตรวจสอบเอกสาร Work Permit เซ็นเอกสารมาตราการไม่ครบตามเวลา ทุกๆ 4 ชั่วโมง,
ตรวจสอบเอกสาร Safe Work Certificate SE-F-0337Rev.000 หัวข้อ 13 กรณี Jet แบบแส้ หรือ Tube ต้องมีการจัดทำ Warning tape พบมีการทำถูกต้องแต่ลงเอกสารว่าไม่เกี่ยวข้อง,Unsafe Condition
ตรวจสอบเอกสาร JSA พบมีการเขียนรายละเอียดการทำงานการสวมใส่ Mask N95 และ Face Shield ขณะปฏิบัติงานขัด พบไม่ได้สวมใส่ขณะปฏิบัติงาน,Unsafe Condition
PPE ป้องกันใบหน้าและตา ไม่มีกระบังหน้าใส ไม่สอดคล้องกับลักษณะงานที่ทำ (ใช้หินเจียร์) และJSA ที่ประเมินไว้,Unsafe Condition
ตรวจสอบพบคู่ร่วมธุรกิจไม่ปฏิบัติหน้าที่ตาม Safe Work Certificate SE-F-0337Rev.000 หัวข้อที่ 15 ผู้ปฏิบัติงานฉีดน้ำ Water Jet และผู้ควบคุม Foot Valve ต้องเป็นคนเดียวกัน,Near Miss
พบกองไม้พาเลทกีดขวางอุปกรณ์ฉุกเฉินและทางเข้าออก ,Unsafe Condition
ไม่ระบุ PPE ที่ใช้ ให้สอดคล้องตามลักษณะงาน และที่ระบุใน JSA,Unsafe Condition
ปิดล้อมพื้นที่แล้ว แต่ไม่มี barricade tag,
ตรวจสอบเอกสาร Work Permit พบไม่ลงข้อมูล LOTO ทวนสอบที่กล่องล๊อคบล๊อค LOTO ล๊อคครบ,Near Miss
ตรวจสอบพบ Grander 4 นิ้ว พบมีการทำงานแต่ไม่สวมใส่ Handle ,
ตรวจสอบพบมีการทำงานบนที่สูงพบคู่ร่วมธุรกิจไม่คล้องเกี่ยว Safety Harness ,Unsafe Condition
ตรวจสอบพบ Work Permit พบหัวข้อที่ 4 ตรวจสอบสภาพหน้างานตามเวลา พบไม่มีการตรวจสอบโดย Permit Requester และพบ Permit Requester  ไม่เซ็นเอกสาร แต่พบเป็นพนักงานท่านอื่นเซ็นแทน,Near Miss
ตรวจสอบ JSA ที่นำมาใช้เป็น JSA ของ SCG CHEMICALS มาใช้ในพื้นที่ TPE โดย JSA ของ TPE เป็นเอกสาร HS-F-0007 Rev.016,Unsafe Condition
ตรวจสอบพบ MASK ที่ใช้งาน หมดอายุ (ตามรูปแนบ) ปี 2015 MASK มีอายุ 7 ปี (MASK หมดอายุการใช้งาน 5 ปี และสภาพชำรุด),Near Miss
ตรวจสอบเอกสารมีการ มีการกำหนด Lock Box แต่ไม่มีลงข้อมูล,Near Miss
ตรวจพบตัวคีบกราวด์สภาพชำรุด,
"ประเมิน JSA ไม่ครอบคลุม
 (ไม่มีประเมินขนย้ายอุปกรณ์ทางบันได )",
ตรวจสอบเอกสารงานยกพบว่าทีมงานไม่เข้าใจในข้อกำหนดของ 4 ผู้ และ  ประเมินมาตรการข้อ 2.7 ไม่ครบถ้วน,Unsafe Condition
ตรวจสอบ Work Permit พบ หัวข้อ 1.4 พบไม่มีการติ๊กข้อมูล งานที่มีความร้อนและประกายไฟ และงานบนที่สูง และหัวข้อที่ 4 ตรวจสอบหน้างานตามเวลาที่กำหนด ,HNM
ตรวจสอบ JSA พบมีการระบุถึง หินเจียร์ 4 นิ้ว ต้องมีด้ามจับ (Handle) พบผู้ปฏิบัติงานไม่สวมใส่ Handle ขณะปฏิบัติงาน,Near Miss
ตรวจสอบ Safe Work Certificate พบการลงข้อมูลไม่สัมพันธ์ กับการปฏิบัติงาน และตรวจสอบพบ Safety Harness cและบันไดทรง A ยังไม่ได้ผ่านการตรวจและออกสติกเกอร์,Near Miss
ตรวจสอบพบการกั้น Barricade ด้วย EURO Tape ที่ทำการยกเลิกการใช้งานเมื่อ 1 มีนาคม 63 ,Unsafe Condition
ตรวจพบในช่อง Permit Verifier มีการลงชื่อแทน การเซ็นต์ออนไลน์,Unsafe Action
ตรวจพบนั่งร้านไม่มีการ UP Date ตามมาตรการที่กำหนด ( Up Date ล่าสุด 8/3/65 ),Unsafe Condition
ตรวจพบ อุปกรณ์ป้องกันการตกสติ๊กเกอร์หมดอายุ,
ตรวจสอบรถเข็นที่สำหรับใส่อุปกรณ์นั่งร้านระบบเบรคใช้งานไม่ได้,Unsafe Condition
ตรวจสอบมีการทำงานหยอดยางมะตอย ไม่พบการประเมิน JSA ,
ตรวจสอบ JSA พบขาดการตรวจสอบหน้างาน,
ตรวจสอบ JSA พบขาดการตรวจสอบมาตราการหัวข้อ 1.6 หน้างาน,
ตรวจสอบพบ Work Permit เปิดเป็นงานติดตั้ง Metal Sheet พบมีการทำงานที่ต่างจากที่ Work เปิดทำงานมีงานแทรกเพิ่มคืองานเจียร์แต่งปูน,Near Miss
ตรวจสอบงานเจียร์แต่งปูนพบ Grander ไม่สวมใส่ Handle และผู้ปฏิบัติงานด้วยกันไม่สวมใส่ Face Shield ,Unsafe Condition
ตรวจสอบ Safe Work Certificate งานบนที่สูง SE-F-0286_Rev.002 ไม่พบการตรวจสอบ,Unsafe Condition
ตรวจสอบพบงาน water jet ไม่ล้อมพื้นที่,
ตรวจพบ SDS ที่ติดอยู่ด้านหน้ากับของที่เก็บ ในห้อง Waste ไม่ตรง,
ตรวจพบ Battery Fork lift No.28 ตัววัดระดับน้ำกลั่นมีปัญหา,Near Miss
ตรวจเอกสารพบจำนวนคนที่ระบุใน Work ไม่ตรงกับจำนวนผู้มาปฎิบัติงาน Workลง 20 มาจริง10 ),Near Miss
ตรวจสอบไม่พบเอกสารบันทึกผลการตรวจร่างกายผู้ปฎิบัติงานเบื้องต้นก่อนเริ่มงาน,
"ตรวจสอบ JSA พบการประเมิน JSA หัวข้อ 5 5.1,5.2 ผิด เพราะตรวจสอบอันตราย ทางเข้า-ออก และ อันตรายจากตำแหน่งพื้นที่ปฏิบัติ ไม่ปลอดภัย",Near Miss
ตรวจสอบ JSA พบมีการตรวจสอบมาตราการครบ พบผู้ปฏิบัติงานไม่ปฏิบัติตามที่ JSA กำหนด ทำการยาแนวด้วย Silicone ไม่สวมใส่ MASK ป้องกัน พบ MASK หมดอายุ เกิน 6 เดือน,Unsafe Condition
"ตรวจสอบ JSA พบมีการตรวจสอบมาตราการครบ
ส่วนผู้ปฏิบัติงานไม่ปฏิบัติตามที่ JSA กำหนดไว้ ทำงานปูนต้องสวมใส่ถุงมือยาง (ผู้ปฏิบัติงานไม่สวมใส่ถุงมือยาง)",Unsafe Condition
"11.30 ตรวจสอบ Work permit พบว่า ผู้ขออนุญาติ , safety lead ยังไม่ได้ลงการตรวจสอบหน้างานตามที่ระบุไว้ใน work permit( ข้อ4 การตรวจสอบสภาพงาน ที่ขณะปฏิบัติงาน, ตามมาตรการ ระบุไว้ทุก 2 ชั่วโมง ) สอบถาม ผู้ขออนุญาติ และSafety lead แล้วพบว่า  แจ้งว่าลืมลงข้อมูลแต่อยู่หน้างานตลอดเวลา",Near Miss
"ตรวจสอบพบการตรวจสอบหน้างานไม่ตรงตามเวลาหน้างานหัวข้อที่ 4 Work Permit Permit Requester ,Safety Lead ,Field Verifier ",Near Miss
ไม่มีการปิดกั้น,
ไม่มีการปิดล้อมพื้นที่ ไม่มี Barricades Tag ,
ไม่มีการปิดล้อมพื้นที่ ไม่มี Barricades Tag ,
ตรวจสอบพบงานทาสี ผู้ปฏิบัติงานไม่สวมใส่ MASK ป้องกันกลิ่น ตรวจสอบใน JSA มีประเมินเรื่องงานทาสีกำหนดให้สวมใส่ MASK R95,Near Miss
ประเมิน jsa ไม่ครอบคลุมและยังพบมีการนำอุปกรณ์นอกเหนือจากที่กำหนดมาใช้งานซึ่งไม่ตรงกับ work permit ที่เปิด,Unsafe Condition
ตรวจพบตู้ไฟ panel ไม่มีสติ๊กเกอร์ผ่านการตรวจสภาพ,Unsafe Condition
ตรวจพบทีมงานขึ้นทำงานบนเก้าอี้พลาสติกซึ่งไม่ตรงกับมาตรการที่กำหนดไว้ใน jsa เรื่องของการใช้อุปกรณ์ในการทำงาน,Near Miss
ตรวจพบทีมงานไม่สวมใส่อุปกรณ์ป้องกันการตกในจุดทำงานที่มีความเสี่ยง,Near Miss
พบบันไดที่วางอยู่ชั้นบนสุด ( ที่จะออกไป bag filter LL ) ตรวจสภาพประจำเดือนไปล่าสุดเดือนเมษายน,Unsafe Condition
ที่เฮี๊ยบที่ใช้ในการขนย้ายถุง big bag จอดอยู่ไม่ได้ใช้ไม้หมอนหนุนกันรถไหล,Unsafe Condition
Guard ครอบเพลา Z425 ฝาครอบที่เป็นรูยึด nut ใช้วิธียึดระหว่าง guard ครอบทั้ง2ด้านด้วยลวด ซึ่งไม่เป็นไปตามมาตรฐาน,Unsafe Condition
จอดรถเฮี๊ยบขณะยก big bag ขึ้นแต่ไม่ใช้หมอนหนุนล้อกันรถไหล,Unsafe Condition
บันไดที่วางอยู่ตรงชั้นบนสุดตรงทางออกไปชั้นลอย ไม่ได้ตรวจสภาพ ( ตรวจล่าสุดตามสติ๊กเกอร์ที่ติดอยู่คือเดือนเมษายน ),Near Miss
ตรวจสอบพบงานเชื่อมพบ Fire Watch และ ผู้ช่วยช่าง ไม่สวมใส่ MASK ป้องกันฟูมงานเชื่อมและพบ Grander ไม่ใส่ Handle ,Unsafe Condition
ตรวจสอบเอกสาร Work Permit พบหัวข้อที่ 4 พบ Permit Requester ไม่ตรวจสอบหน้างานและลงข้อมูลตรวจสอบ,Near Miss
ตรวจสอบพบเอกสาร SE-F-0277 Rev 006 พบการตรวจสอบสุขภาพคู่ร่วมธุรกิจเกินค่าที่กำหนดช่วงหัวใจคลายเกิน 90,Unsafe Condition
ตรวจสอบพบเอกสาร SE-F-0277 Rev 006 พบการตรวจสอบสุขภาพคู่ร่วมธุรกิจเกินค่าที่กำหนดช่วงหัวใจคลายเกิน 90,Unsafe Condition
ไม่พบการบันทึกการลงลายมือชื่อในการส่งงานระหว่างกะและงานซ่อมไม่พบกาบันทึก,
ไม่ได้ประเมินความเสี่ยงเรื่องการปฏิบัติงานในบ่อดิน,
ตรวจสอบทีมงานกำลังขัด Screw Line-5 พบว่ามีอุปกรณ์ที่นำมาใช้งานไม่มีสติ๊กเกอร์ผ่านการตรวจสภาพ,Near Miss
ตรวจสอบพบมีการทำงานที่อันตราย ตรวจสอบใน JSA มีการประเมินเรื่องการทำงานบนที่สูงที่ชัดเจนแต่มีการทำงานที่มีความเสี่ยงอันตราย,Near Miss
ตรวจสอบพบ Work Permit หัวข้อที่ 2 กำหนดตรวจสอบงานโดยผู้ขออนุญาตทุกๆ 1 ช.ม พบหัวข้อที่ 4 ขาดการตรวจสอบหน้างานและลงข้อมูลใน Work Permit,Near Miss
ตรวจสอบไม่พบอกสาร บันทึกผลการตรวจร่างกายผู้ปฏิบัติงานเบื้องต้นก่อนเริ่มทำงาน,Unsafe Action
ตรวจพบฝาตู้อุปกรณ์ฉุกเฉินไม่ได้ Lock,Unsafe Condition
ตรวจพบมีการนำรถจักรยานยนต์มาจอดกีดขวางบริเวณจุดอุปกรณ์ฉุกเฉิน,Unsafe Condition
ตรวจสอบพบ Regulator ขาดการตรวจสอบและติดสติกเกอร์ และ ป้ายแสดงงาน H/W Class I Size ไม่ตรงตามข้อกำหนด พบตู้เชื่อมอยู่ในสภาพไม่พร้อมใช้งาน สายไฟหลุดออกจากตู้,Near Miss
ตรวจสอบพบ Safe Work Certificate  SE-F-0286_Rev.002 พบไม่ลงข้อในหัวข้อที่ 1และหัวข้อที่ 3 ตรวจสอบรับรองการปฏิบัติตามข้อกำหนด,Unsafe Condition
ตรวจสอบพบมีการทำงานทาสี พบผู้ปฏิบัติงานไม่สวมใส่ MASK ป้องกันไอระหยจากทินเนอร์ ใน JSA มีระบุให้ MASK ป้องกันตลอดเวลาทำงาน (R95 8247),Near Miss
ตรวจสอบพบไม่สวมใส่ PPE แว่นตานิรภัย JSA กำหนดไว้ชัดเจน,Unsafe Condition
พบตู้เชื่อมอยู่ในสภาพไม่พร้อมใช้งาน สายไฟหลุดออกจากตู้,Near Miss
ประเมินไม่ครอบคลุม,
ตรวจสอบไม่พบเอกสาร WAH,
ไม่มีการปิดกั้นพื้นที่ทำงาน,
ไม่พบเอกสารการบึนทึกผลร่างการเบื้องต้นก่อนเริ่มงาน,
ตรวจสอบพบคู่ร่วมธุรกิจประจำมีการปฏิบัติงานในพื้นที่ สวมใส่ PPE ไม่ครบตามข้อกำหนดไม่มีสายรัดคางใช้งาน,Unsafe Condition
ตรวจสอบอุปกรณืช่วยยกแบตเตอรี่ พบมีการตรวจสอบแต่การตรวจสอบไม่ถูกต้องวันที่ตรวจและวันหมดอายุไม่ถุกต้อง,Unsafe Condition
ตรวจสอบพบป้าย SDS ชำรุดและซีดจาง,
ตรวจสอบพบ Line Chemical Cleaning อยู่บนพื้นหินมีผ้าใบรองแต่ไม่บันป้องกันการรั่วไหล,Unsafe Condition
ตรวจสอบพบสาย Argon คล้องสายที่หัวถัง,
JSA ประเมินไม่ครอบคลุม และ ลงข้อมูลไม่สอดคล้องกับเอกสารที่กำหนด,
พบ Safety Lead  ทำเกินหน้าที่ๆกำหนด            ( Safety ลงมือทำงานกับทีมงานใน Line ),Unsafe Condition
มีการตักแยกแต่ไม่พบเอกสาร,
เอกสาร Lifting plan ตรวจพบว่าไม่ถูกต้อง เนื่องจากพบว่า ผู้ที่ทำหน้าที่เป็น Safety lead ได้มาทำหน้าที่ผู้ผูกยึดและผู้ให้สัญญาณในงานยกด้วย,Near Miss
ตรวจสอบ JSA พบหัวข้อที่ 8 พบมีการปฏิบัติงานแต่ไม่พบการลงชื่อรับทราบใน JSA ,Unsafe Action
ตรวจสอบพบ MASK ป้องกันจากงาน PT-TEST หมดอายุ (ฺBody MASK),Unsafe Condition
ประเมิน JSA ไม่ครอบคลุม เพราะจากหน้างานที่เห็นมีการใช้ Hoist ในการช่วยยก และ ไม่มีประเมินเกี่ยวกับการขึ้นไปยืนทำงานด้านบน ,Near Miss
 พบไม่มีการตรวจสอบหน้างาน ในเอกสาร JSA,
พบจุดเก็บถังน้ำมันของส่วนซ่อมไม่มีถาดรองกันหกรั่งไหล,Near Miss
ตรวจสอบพบ Regulator ยังไม่ได้รับการตรวจสอบในเดือน มิถุนายน สีสติกเกอร์ของเดือนนี้ สีม่วง,Unsafe Condition
ไม่พบ Safety lead คุมงานหน้างาน ( Safety lead ไปเอาเอกสารที่ป้อมหน้า G-1 ROC,Unsafe Condition
ตรวจสอบเอกสาร JSA พบว่าต้องมีการ Lock LOTO แต่หน้า Work Permit ไม่พยการลงข้อมูลการ Lock LOTO,Near Miss
ไม่พบเอกสาร,
ไม่พบเอกสาร,
ไม่พบเอกสาร,
ทราบแต่ไม่ได้ปฏิบัติตามมาตรการที่กำหนด,
พบกระป๋องสีที่ใช้งานแล้วไม่มีการจัดเก็บที่ดี,
ตรวจพบอุปกรณ์ไฟฟ้าไม่มีการตรวจสภาพก่อนนำมาใช้งาน,Near Miss
ตรวจพบถุงปูนวางไว้โดยไม่มีการจัดเก็บที่ดี,
"ตรวจพบมีการนำเครื่องดื่มมาทานภายในห้อง Sub,",
ตรวจสอบพบคู่ธุรกิจ ไม่สวมใส่หน้ากากกรองสารเคมีในขณะทำงาน ,Unsafe Condition
ผู้ขออนุญาต ไม่ประเมินความเสี่ยงเรื่องการทำงานยก และการทำงานบนที่สูง,Unsafe Action
Lifting plan มีการระบุข้อมูลไม่ครบถ้วน ไม่ระบุสถานที่ ไม่ระบุสิ่งของที่จะยก ใส่ชื่อ 4 ผู้ไม่ครบ หัวหน้างานของผู้ขออนุญาต ไม่ได้ลงชื่อรับรอง,Near Miss
ตรวจสอบเอกสาร Safe Work Certificate SE-F-0286_Rev.002 พบมีการปฏิบัติงานแต่ขาดการตรวจสอบลงข้อมูล,Unsafe Condition
ไม่ได้แนบ WAH Certificate แต่มีการทำงานบนที่สูงโดยใช้บันไดทรงเอ,Unsafe Condition
ไม่มีเอกสาร บันทึกผลการตรวจร่างกายผู้ปฏิบัติงานเบื้องต้นก่อนเริ่มทำงานบนที่สูง,Unsafe Action
ตรวจสอบพบผู้ปฏิบัติงานบนที่สูงพบไม่คล้องเกี่ยวขณะปฏิบัติงาน,
ตรวจสอบพบ Regulator ใช้งานอยู่ พบยังไม่ได้รับการตรวจสอบออกสติกเกอร์ ,
ตรวจสอบพบ Windsock สภาพเปื่อยและขาด ใช้งานได้ไม่ 100%,
มีการเปิด work รื้อนั่งร้านใบเดียวแต่ใช้หลาย section,Near Miss
ตรวจสอบพบรถ HIAB ทำการยกก้อนพลาสติกพบการกางขาเพื่อค้ำยัน Balance ตัวรถไม่กางขาครบทั้งข้าง อันตราย,Near Miss
ตรวจสอบเอกสาร HEALTH CHECK พบมีการแปลงเอกสาร SE-F-0277 Rev 006. (เอกสารแนบ),
"ตรวจสอบพบ MASK ไม่พร้อมใช้งานลิ้นวาล์วหายทั้ง 2 ข้างและตลับ MASK ไม่ระบุวันใช้งาน (ไม่อนุญาตให้ใช้งาน)
และตรวจสอบพบไฟติดหมวกยังไม่ผ่านการตรวจสอบ ",Unsafe Condition
ตรวจสอบพบผู้ปฏิบัติงานไม่สวมใส่ MASK ป้องกันอันตรายจากฟูมงานเชื่อม,Unsafe Condition
ประเมิน JSA ไม่ครอบคลุม  มีการลงไปทำงานใต้พื้น Floor และ ทำในตู้ Control แต่ไม่มีการประเมินถึงอันตราย และ มาตรการป้องกัน,Near Miss
ประเมิน JSA ไม่สอดคล้องกับลักษณะงานที่ปฎิบัติ,
พบมีการขีดช่อง Simple Lock แต่ไม่มีลงรายละเอียดนัมเบอร์อุปกรณ์,Unsafe Action
ตรวจสอบพบงานเชื่อมโดยผู้ปฏิบัติงนร่วมในพื้นที่ไม่สวมใส่ MASK ป้องกันอันตรายจากฟูมงานเชื่อม,Unsafe Condition
"พบมีเมวล์ไหลลงรางระบายน้ำด้านหลังแนวถนนทางเข้าลานจอดรถ HD-2,3",Near Miss
พบนั่งร้านที่ตั้งอยู่ข้างอาคารเก็บวัตถุดิบไม่มี tag   ระบุตรวจสภาพ สอบถามเจ้าของงานไม่ได้ตรวจสภาพนานแล้ว,Near Miss
ประเมิน JSA ไม่ครอบคลุม เนื่องจากมีการนำรถเข้ามาในเขตขบวนการผลิต แต่ไม่มีการประเมินเรื่องอันตรายและมาตรการป้องกัน,Unsafe Condition
",มีกำหนด Simple lock แต่ไม่มีการลงข้อมูลรายละเอียด",Unsafe Action
ตรวจพบอุปกรณ์ไฟฟ้าไม่ผ่านการตรวจสภาพ และ สภาพชำรุดแต่ยังมีการนำมาใช้งาน และ พบรถเข็นสี-น้ำยา ไม่มีภาชนะในการกักเก็บในกรณีมาการหกรั่วไหล,Near Miss
พบจุดที่มีการเก็บกระป๋องสีและทินเนอร์ Valve ของ Bun มีการเปิดทิ้งไว้ ,Unsafe Condition
จุดเก็บสียังไม่มีป้าย SDS,
ชื่อผู้ควบคุมปั่นจั่น และ ผู้บังคับปั่นจั่น เป็นชื่อเดียวกัน และผู้ขออนุญาตไม่ได้เช็คตรวจสอบมาตรการความปลอดภัยในหัวข้อที่ 2.1,Near Miss
พบถังดับเพลิง สภาพไม่พร้อมใช้งาน ถังมีสนิม เข็มวัดแรงดันภายในถังตก,Near Miss
มีกำหนด Simple lock แต่ไม่มีการลงข้อมูลรายละเอียด ซึ่งใน JSA มีมาตรการกำหนดไว้,Unsafe Condition
มีกำหนดการ Lock Off LOYO ใน JSA แต่ไม่มีการลงข้อมูลรายละเอียด ที่ Work Permit  ,Unsafe Condition
ใน JSA ระบุไว้ว่ามีการ Test Run หลังแก้ไขเสร็จ แต่ไม่มีการลงรายละเอียดงานที่เกี่ยวข้องกับไฟฟ้า ที่ Work Permit  ,Unsafe Condition
พบเอกสารเป็น Rev.เก่า,
พบห้องไฟฟ้ามีอุปกรณ์ของทีมซ่อม ME เก็บไว้ด้านในซึ่งมีทั้งน้ำมัน สารไวไฟ และ กระดาษ,Near Miss
พบฝารางระบายน้ำสภาพชำรุด,
ฝารางระบายน้ำแตก,
"ประเเมิน JSA ไม่ครอบคลุม
 เนื่องจากพบมีการสาวรอกด้านบนแต่ใน JSA ไม่มีประเมินการทำงานที่สูงและ มาตรการป้องกัน",Unsafe Condition
มีกำหนด Simple lock แต่ไม่มีการลงข้อมูลรายละเอียด ซึ่งใน JSA มีมาตรการกำหนดไว้,Unsafe Condition
"ประเเมิน JSA ไม่ครอบคลุม
 เนื่องจากใน Work Permit ลักษณะงานเป็นงานตัด Support แล lineท่อโดยใช้เลื่อยในการตัด แต่ใน JSA ไม่มีประเมินการทำงานตัดด้วยเลื่อยไฟฟ้า และ มาตรการป้องกัน",Near Miss
พบเอกสาร WAH ไม่ Up Date,
มีการปิดกั้นพื้นที่แต่ไม่มีเอกสารชี้บ่งที่จุดปิกกั้น,
พบเอกสาร WAH ไม่ Up Date,
Hot work certifcate เป็น Revised 7 ซึ่งไม่ใช่ เอกสาร Revised ปัจจุบัน,
Hot work certifcate เป็น Revised 7 ซึ่งไม่ใช่ เอกสาร Revised ปัจจุบัน,
ตรวจสอบพบ MASK ไม่ระบุวันและเวลาที่นำมาใช้และไม่สามารถระบุวันที่นำใช้และวันเปิดออกจากซอง,Unsafe Condition
ตรวจสอบพบผู้ร่วมธุรกิจ ยาแนว Silicone ไม่สวมใส่ MASK ป้องกันอันตรายเพราะ Silicone มีกลิ่นกรดรุนแรงอันตรายกับระบบทางเดินหายใจ,Near Miss
ตรวจสอบพบ JSA ขาดการประเมินในหัวข้อที่ 5 ,
ตรวจสอบพบ JSA ไม่ตรงกับงานที่ปฏิบัติ,
ตรวจสอบพบมีการปฏิบัติงานแล้ว พบ JSA ยังขาดการตรวจสอบมาตราการใน JSA หัวข้อที่ 6.1,
ตรวจสอบพบ Permit to Work ตรวจสอบหน้างานโดย Permit Requestor ก่อนเริ่มทำงานในช่วงบ่าย หัวข้อที่ 4,Near Miss
Hot work certifcate เป็น Revised 7 ซึ่งไม่ใช่ เอกสาร Revised ปัจจุบัน,
พี่สมฤกษ์ ผจผ. Safety Audit พื้นที่บริเวณจุด LPG พบว่าอุปกรณ์ฉุกเฉินมีการปิด Valve,Near Miss
จุดเก็บถัง LPG กีดขวางอุปกรณ์ฉุกเฉิน และ ล้นออกมาโดยไม่มีการผูกรัด,Near Miss
พี่สมฤกษ์ ผจผ. Safety Audit Line Tranter Rew Material ให้ตรวจสอบเรื่องสายกราวด์,Near Miss
มีกำหนด Simple lock แต่ไม่มีการลงข้อมูลรายละเอียด ซึ่งใน JSA มีมาตรการกำหนดไว้,Unsafe Condition
ตรวจพบ Boll Valve ของอุปกรณ์ Shower EVE Shower สภาพชำรุด,Unsafe Condition
ผู้ปฏิบัติงานบนที่สูงไม่ได้ตรวจร่างกายเบื้องต้นก่อนเริ่มทำงาน ,Unsafe Action
งาน load Fouled HAXANE ขั้นตอนก่อนการ load ผู้ปฏิบัติงานมีการตามไม่ปฎิบัติตามขั้นตอนการทำงานถูกต้อง  รถไม่ดึงกุญแจออก ไม่หนุนไม้ลองล้อรถ ไม่นำถังดับเพลิงออกมาวางยังหน้ารถ  มีการคีบกราวด์ค่าความต้านทานต่ำกว่า 10 โอห์ม  nitrogen purge 30min ทำงานบนที่สูง คล้องเกี่ยวกันตก,HNM
ตรวจสอบพบรถส่ง Pallet ไม่หนุนล้อระหว่างการปฏิบัติงานของ Fork Lift,Unsafe Condition
ตรวจสอบพบ JSA ขาดการตรวจสอบมาตราการ หัวข้อ 6.1 ,
ตรวจสอบพบ JSA ขาดการตรวจสอบมาตราการ หัวข้อ 6.1 ,
ตรวจสอบงาน Lifting พบการใช้ Pallet วางของและจะทำการยก ตรวจสอบ Pallet สภาพไม่พร้อมยกและ Pallet ไม่เหมาะสมกับการนำมาใช้ยก ไม่อนุญาตให้ทำการยก,Near Miss
ตรวจสอบพบ Work Permit ขาดการตรวจสอบและเซ็นเอกสารรับรองหัวข้อใน Work Permit หัวข้อที่ 3 (มีการปฏิบัติงานแล้ว),Unsafe Action
"ตรวจสอบ JSA ไม่ครบขาดเอกสาร JSA หน้าที่ 2 หัวข้อ 5,6,7,8 การปฏฺิบัติงานใน JSA มีระบุเรื่องการ Load โดยใช้รถต้องมีการหนุนล้อทุกครั้ง",Near Miss
ตรวจสอบพบ JSA ขาดการตรวจสอบมาตราการ หัวข้อ 6.1,
ตรวจสอบพบ JSA ขาดการตรวจสอบมาตราการ หัวข้อ 6.1 ,
พบนักงานขับรถรอขึ้นสินค้านอนอยู่ใต้สแตน,
ตรวจพบมีการนำอุปกรณ์ไฟฟ้าไม่ผ่านการตรวจสภาพมาใช้งาน,Unsafe Condition
ตรวจพบว่ามาตรการที่ระบุใน JSA ไม่มีการตรวจสอบก่อนเริ่มงาน,Unsafe Action
พบsafety harness Tagตรวจสภาพการใช้งานจากส่วนซ่อม ยังไม่อัพเดทเป็นTag ปัจจุบัน,Near Miss
ไม่มีbarricade tag ที่หน้างาน,
ไม่มี barricade tag ติดตั้งไว้ที่หน้างาน,Unsafe Condition
ทำงานที่สูง แต่ไม่มีWAH Certificate แนบกับ work permit,Unsafe Condition
ทำงานที่สูง แต่ไม่ได้ตรวจร่างกายผู้ปฏิบัติงานเบื้องต้นก่อนเริ่มทำงาน,Near Miss
พบพนักงานขับรถ Fork lift ของหน่วยงานพ้สดุไม่ปฎิบัติตาม BBS ที่กำหนด (ไม่คาดเข็มขัดนิรภัย),Unsafe Condition
ตรวจพบอุปกรณืไฟฟ้าที่นำมาใช้งานบริเวณการทำงานขัด Screw ยังไม่ผ่านการตรวจสภาพ,Near Miss
ตรวจสอบพบตู้เชื่อมมีการตรวจสอบเรียบร้อยแต่สภาพไม่พร้อมใช้งานโดยสายไฟหลังตู้มีการหลุดออกจากเต้าไฟ และ Regulator ยังไม่ผ่านการตรวจสอบและออกสติกเกอร์ของเดือนกรกฏาคม,Near Miss
พี่สมฤกษ์ ผจผ. Area Audit พบรถจักรยานสภาพไม่พร้อมใช้งาน,Unsafe Condition
ใบผ่านการอบรมปั่นจั่นเกิน 2 ปี ตามที่กฎหมายกำหนดไว้,
พี่สมฤกษ์ ผจผ. Area Audit พบ Handrail บริเวณอุปกรณ์ Model M-5301 สภาพโกงและเอียง,Unsafe Condition
พบเก้าอี้ชำรุด วางไว้ไม่ได้ใช้งาน แต่ไม่ได้ติดป้ายเตือน ชำรุดห้ามใช้งาน,Unsafe Condition
ตรวจสอบพบผู้ปฏิบัติงานกำลังปฏิบัติงานยาแนว Silicone พบไม่สวมใส่ MASK ป้องกันอันตราย,Unsafe Action
พบพนักงานขับรถ Fork lift ของหน่วยงานพ้สดุไม่ปฎิบัติตาม BBS ที่กำหนด (ไม่คาดเข็มขัดนิรภัย),Unsafe Condition
ตรวจสอบพบช่างเชื่อมทำการเชื่อม Line Pipe พบไม่สวมใส่ MASK ป้องกัน อันตรายจากฟูม ,Unsafe Condition
ตรวจสอบไม่พบเอกสารการตรวจร่างกายเบื้องต้น ,
ตรวจสอบเอกสารไม่ถูกต้อง เนื่องจากมีการติ๊คการตัดระบบและมีการประเมินใน JSA แต่ไม่มีการลงนัมเบอร์ของอุปกรณ์ของกุญแจที่ Lock ใน Work Permit,Near Miss
ตรวจสอบมีการปิดกั้นพื้นที่แต่ไม่มีป้ายชี้บ่ง,
JSA ที่แนบมาไม่สอดคล้องกับงานที่ปฎิบัติ,
ตรวจสอบพบ Sling Shackle มีการใช้งานแต่ไม่พบการตรวจสอบและออกสติกเกอร์,
ตรวจสอบพบการปฏิบัติงาน ใช้ฆ้อนแบบเหล็ก มาใช้งาน ,Unsafe Condition
พบไม่มีการลงข้อมูล Tag Out. ใน Work permit ซึ่งไม่ตรงกับมาตรการใน JSA ที่กำหนด,Unsafe Condition
พบไม่มีการเช็คตรวจสอบมาตรการหน้างาน,
มีเอกสาร บันทึกผลการตรวจร่างกายผู้ปฏิบัติงานเบื้องต้นก่อนเริ่มทำงาน และผลตรวจวัดอยู่ในค่ามาตรฐานแต่เป็นเวอร์ชั่นเก่า,Near Miss
JSA ไม่สอดคล้องกับงานที่ปฎิบัติ (หน้างานเป็นงานเปลี่ยน Boll Valve แต่ JSA ที่แนบเป็นถอดประกอบเครื่องจักร ),Near Miss
พบว่า JSA ที่เอามาแนบเป็นงานถอดประกอบเครื่องจักร แต่มาเขียนงานติดตั้งดะแกรงรางระบายน้ำเพิ่มเติม,Near Miss
พบ JSA ไม่มีการประเมินการใช้รอก,
"พบ JSA ไม่มีการประเมินการใช้รอก
",
พบประตูหลัง จุดเก็บพัสดุ ล้ม,
ตรวจสอบพื้นที่พบทางขึ้นเครื่องชั่งฝั่งขาออก พื้นผิวคอนกรีตชำรุด แตกร้าว เป็นแอ่ง ,Near Miss
ตรวจสอบพื้นที่ พบSling ยกของยังไม่ได้อัพเดท Tag ตรวจสอบอุปกรณ์ช่วยยกประจำเดือน ให้เป็นปัจจุบัน,Near Miss
พบเอกสาร JSA ไม่มีการตรวจสอบมาตรการหน้างานก่อนมีการปฏิบัติงาน,
"ตรวจสอบพื้นที่ พบตู้น้ำเย็นที่ TC-Wax มีจุดที่ต้องแก้ไขดังนี้
1.สายปลั๊กเสียบไม่มี Ground
2.ด้านหลังมีไม้พาเลทอยู่",Near Miss
มีการกั้นพื้นที่ด้วยกรวยจราจร แต่ไม่มีป้ายชี้บ่งอันตราย,Unsafe Condition
ตรวจสอบเอกสารพบเป็นเอกสารเก่า,
พบมีการปิดกั้นพื้นที่ทำงาน แต่ไม่มีเอกสารชี้บ่งอันตายที่หน้างาน,
พบเอกสารที่แนบมาเป็นแบบเก่า,
พบการขับขี่จักรยานในพื้นที่ process ซึ่งมีป้ายเตือนชัดเจน ว่าห้ามรถทุกชนิดเข้าโดยเด็ดขาด,Unsafe Condition
พบInsulation ที่ถอดออกมา ไม่ได้จัดเก็บใส่ถุงที่ปิดมิดชิด,Unsafe Action
พบTag นั่งร้านหมดอายุ,
ไม่มีการปิดล้อมพื้นที่ ไม่มีป้าย Barricade tag,
ตรวจสอบพบผู้ปฏิบัติงานบนรถ HIAB สวมใส่ Safety Harness แต่ไม่คล้องเกี่ยว,Unsafe Condition
ตรวจสอบ ปากคีบ Hydraulic น๊อตล๊อคไม่ใส่ปลิ้นล๊อค ขณะกำลังปฏิบัติงานน๊อตคลายออก (รูป) ,Near Miss
"ตรวจสอบพบมีการปฏิบัติงานตั้งนั่งร้านตรวจสอบ Work Permit 
พบหัวข้อ 1.7 ลงชื่อตรวจสอบหัวหน้าของ Permit Requester ขาดการตรวจสอบความครบถ้วนและมาตราการ ",Near Miss
"ตรวจสอบพบมีการปฏิบัติงานตั้งนั่งร้านตรวจสอบ Work Permit 
พบหัวข้อ 1.7 ลงชื่อตรวจสอบหัวหน้าของ Permit Requester ขาดการตรวจสอบความครบถ้วนและมาตราการ 
",Near Miss
"พบกระจกโค้งมองมุมอับบนถนนหน้า
ลาน Waste พัสดุมีสภาพไม่พร้อมใช้งาน",Unsafe Condition
ตรวจพบภายในห้องตู้ไฟฟ้ามีเศษวัสดุที่เป็นเชื้อเพลิงเก็บรวมอยู่เป็นจำนวนมาก,Near Miss
มี bigbag ที่ใส่ floss drain จาก BG101 ที่เป็นวัสดุติดไฟวางอยู่,Unsafe Condition
ตรวจสอบพบไม่มีการลงรายละเอียดของการ Lock LO/TO ที่ Work Permit ตามมาตรการใน JSA ที่กำหนดไว้,Unsafe Condition
คู่ธุรกิจ MYC ที่ไม่เกี่ยวข้องกับงานนั่งร้าน แต่มาทำงาน modify นั่งร้าน,
พบโครงสร้างแขวนรอก ระบุน้ำหนักที่ยกได้ไว้ 150 kg. แต่อุปกรณ์ที่ยกน้ำหนักประมาณ 900 kg.,Unsafe Condition
ตรวจสอบพบอุปกรณ์ช่วยยก ยังไม่ได้รับการตรวจสอบและออกสติกเกอร์,
"ตรวจสอบพบเอกสาร JICA พบมีการประเมินในหัวข้อที่ 5.1 
พื้นที่เข้า-ออก คับแคบต้องปีข้ามปีนรอด
หัวข้อ 5.2
พื้นที่จุดปฏิบัติงานต้องก้มต้องเงยนอน
พบการประเมินแต่ไม่ประเมิน JSA เพิ่ม",Unsafe Condition
"ตรวจสอบพบผู้ปฏิบัติงานไม่ปฏิบัติตามข้อกำหนด ตามเอกสาร Safe Work Certificate 
หัวข้อที่ 15 (ติ๊กผ่าน)ผู้ปฏิบัติงานฉีดน้ำ Water Jet และผู้ควบคุม Foot Valve ต้องเป็นคนเดียวกัน 

และ Foot Valve ไม่ต่อสายน้ำ Return กลับเข้าเครื่อง Water Jet",HNM
"ตรวจสอบพบ Safety Lead ขาดการประเมิน JSA หัวข้อ 6.1ตรวจสอบมาตราการหน้างาน
หัวข้อ 5 ข้อย้อย 5.1 และ หัวข้อ 5.2",Unsafe Condition
ตรวจสอบพบ Safety Sling สภาพไม่พร้อมใช้งาน สลิงแตกเกลียวอันตรายเมื่อถูกมือเวลาปฏิบัติอาจจะทิ่มแทงได้,Near Miss
ตรวจพบเอกสาร JSA การวิเคราะห์งานเพื่อความปลอดภัยไม่สอดคล้องกับการปฎิบัติงาน,
พบอุปกรณ์ไม่ผ่านการตรวจสภาพ,
พบTag นั่งร้านไม่มีการ Up Dealt ในเรื่องของการตรวจสภาพ,
ตรวจสอบพบ Grander 4 นิ้ว ปฏิบัติงานไม่สวมใส่ Handle ,
ตรวจสอบมีการปฏิบัติงานเป่าลม Air Compressor พบสายลมขาดการล๊อคสายลมด้วย Safety Sling cและจุดล๊อคไม่มีพินล๊อค,Near Miss
ยังไม่มีผู้อนุมัติใน work permit,
ตรวจสอบพบ Regulator Argon ยังไม่ได้ตรวจสอบและออกสติกเกอร์ (เปิดใช้งานแล้ว),Unsafe Condition
ตรวจสอบพบคู่ร่วมธุรกิจกำลังปฏิบัติงานไม่สวมใส่ PPE ตามที่กำหนดไว้ในเอกสาร Work Permit หัวข้อ 1.6 ,Unsafe Condition
"ตรวจสอบเอกสาร JSA 
- พบขาดการตรวจสอบมาตราการ หัวข้อ 1.6 (Safety Lead)
- พบขาดการวิเคราะห์ หัวข้อ 5  5.1,5.2",Near Miss
กรอกข้อมูลไม่ครบถ้วน,
K. สมฤกษ์ น. ผจผ. Safety ตรวจ SWP เอกสารงานติดตั้งนั่งร้าน Silo TK-3451 B พบว่าเอกสาร Working at Hight เป็นเอกสารตัวเก่า,Near Miss
K. สมฤกษ์ น. ผจผ. Safety ตรวจ SWP งานทำแผนช่วยเหลือ Demon  Silo TK-3451 B พบว่าพบว่าจุดที่ทำการซ้อมแผนช่วยเหลือไม่ปลอดภัยเนื่องจากอยู่ตรงบริเวณบันไดทางขึ้นลงอาจพลาดตกลงมา,Near Miss
กำหนดมาตรการในข้อ 1.6 อุปกรณืป้องกันการหายใจ ระบุไว้เป็นผ้าปิดจมูก ซึ่งแนวปฏิบัติที่ถูกคือต้องระบุชนิดให้ชัดเจน ว่าเป็นแบบใด ซึ่งต้องเป็นชนิดป้องกันทินเนอร์และสีได้,Unsafe Condition
พบมีการทิ้งขยะทั่วไปรวมกับขยะปนเปื้อน,
พบเอกสาร Lifting Plan เป็น Rev. เก่า (002 ),
"พบทีมซ่อม ME นำน้ำยา Clean มาใส่ในขวดน้ำดื่มเพื่อใช้งานโดยไม่มีเอกสาร SDS ติดชี้บ่ง
",Near Miss
ตรวจสอบพบมีการปฏิบัติงาน Remove Scaffolding ตรวจสอบเอกสารแนบ Safe Work Certificate SE-F-0286_REV.003 Working at Height ไม่พบการตรวจสอบประเมินหน้างาน,Near Miss
ตรวจสอบพบ เอกสาร SE-F-0337 Rev.001_Safe Work Certificate High Pressure Water Jet Work ขาดการประเมินมาตราการก่อนเริ่มงาน,HNM
ตรวจสอบพบงานทาสี Line Pipe พบคู่ร่วมธุรกิจ บริษัท PROTECH สวมใส่ MASK ป้องกันไอระเหย ผิด สวมใส่ (N95 ป้องกันฝุ่น) ตรวจสอบ JSA พบข้อ 2.1.2.2 Permit Requestor ได้กำหนดให้ใส่ (R95 ป้องกันอนุภาคอันตรายที่เป็นฝุ่น ละออง แก๊ซ ไอระเหย,Near Miss
ตรวจสอบเอกสาร HEALTH CHECK พบผู้ตรวจสอบ ขาดการตรวจสอบและเซ็นเอกสารตรวจสอบก่อนเริ่มงาน,Near Miss
มีกองวัสดุและถังน้ำมันวางกีดขวางทางเข้าหม้อแปลง  ในกรณีที่เกิดเหตุฉุกเฉินจะเข้าไปในพื้นที่ได้ยาก,Near Miss
ตรวจพบใน JSA มีกำหนดการ Off ฺ Breaker และ กดปุ่ม Emergency แต่ที่ Work Permit ไม่มีการลงรายละเอียดการตัดระบบ,Unsafe Condition
ตรวจพบไม่มีการตรวจสอบมาตรการที่กำหนดไว้ใน JSA,Unsafe Action
ตรวจพบใน JSA มีกำหนดการ Off ฺ Breaker แต่ที่ Work Permit ไม่มีการลงรายละเอียดการตัดระบบ,Unsafe Condition
ตรวจสอบพบงานเจียร์ Line Pipe พบวิธีปฏิบัติไม่ถูกต้องโดยใช้ถังพลาสติกรองจุดงานที่เจียร์,
ตรวจสอบพบ Safety Sling สลิงแตกออกจากเกลียว อันตรายต่อการใช้งานอาจจเกิดอุบัติเหตุได้ (ระบุใน JSA พร้อมใช้งาน),Near Miss
พบเครื่องฉีดน้ำอุปกรณ์ไม่ผ่านการตรวจสภาพ,
พบมีการลงข้อมูลผลตรวจ แต่ไม่มีการลงนามรับรองในเอกสาร,
ตรวจพบอุปกรณ์ไม่ผ่านการตรวจสภาพ,
ตรวจสอบพบพนักงานทาสี พบสวมใส่ MASK แต่ไม่มีตลับกรอง,Unsafe Condition
ตรวจพบว่าไม่มีการลงรายละเอียด Lock LOTOใน work permit ซึ่งไม่สอดคล้อง jsa,Unsafe Action
ใช้งานเอกสาร WAH version ที่ไม่ update,
จุดคล้องเกี่ยวไม่เหมาะสม จุดคล้องเกี่ยวที่ถูกต้อง ต้องอยู่สูงกว่าผู้ปฏิบัติงาน,Unsafe Condition
พบไม่มีการลงจำนวนผู้เข้าปฏิบัติงานใน Work permit,
ตรวจสอบพบเอกสาร Health Check SE-F-0277 Rev 006  ขาดการตรวจสอบโดย Permit Requestor ,Unsafe Condition
ตรวจสอบพบช่างเชื่อมขณะปฏิบัติงานเชื่อมไม่สวมใส่ MASK ป้องกันอันตรายจากฟูมงานเชื่อม (2097)ตามที่ JSA กำหนด,Unsafe Condition
ตรวจสอบ JSA พบ Safety Lead ขาดการตรวจสอบมาตราการ ข้อ 6.1 ,
ตรวจสอบเอกสาร Safe Work Certificate SE-F-0286_REV.003 พบขาดการตรวจสอบ โดย Safety Lead และ Permit Requestor,Near Miss
"ผู้ได้รับมอบหมายยังปฏิบัติไม่ถูกต้อง
1. เอกสารสำเนาที่ 1 ไม่ยอมนำไปไว้ที่ G3
2. มีการประเมิน JAS การทำงาน แต่ไม่ได้ประเมินหน้างานในข้อ 6.1
3. การนำ Work มาปิดไม่ยอมให้ พนักงานเจ้างานพื้นที่เซนต์ปิดร่วม
4. ลงข้อมูลในเอกสารไม่ครบ",HNM
ลงข้อมูลไม่ครบ,
ตรวจสอบพบ Ground Rod สถาพไม่พร้อมใช้งาน ขึ้นสนิม แท่งเหล็กเคลือบทองแดง ,Unsafe Condition
ตรวจสอบพบคู่ร่วมธุรกิจปฏิบัติงานทาสีพบไม่สวมใส่ MASK ที่ระบุไว้ใน JSA 6003 6006,Unsafe Condition
พบมีการนำเอกสารเก่ามาใช้งาน,
พบว่าไม่มีการแนบเอกสารการตรวจร่างกายเบื้องต้นก่อนทำงาน,
เจ้าของพื้น Repco ที่ยังไม่ได้เซ็นชื่อ รับรองความปลอดภัยที่หน้างาน และไม่ได้ระบุเลขwork permit แต่ได้ลงมือทำงานไปแล้ว,Near Miss
ไม่มีการปิดล้อมพื้นที่ และติดป้ายเตือน ไม่มี barricade tag,Unsafe Condition
พบว่าใน JSA ไม่มีการประเมินมาตรการในเรื่องการใช้ลมเป่าอุปกรณ์ที่หน้างาน รวมถึงไม่มีการปิดกั้นพื้นที่ทำงาน,Near Miss
ไม่มีการปิดกั้นพื้นที่ขณะปฎิบัติงาน,
พบเอกสารเป็นฟอร์มเก่า,
 WAH Certificate ยังฟอร์มเก่าที่ยังไม่อัพเดท,Unsafe Condition
ไม่มี Barricade tag ,
พบ Safety lead ใช้สายคล้องคอห้อยบัตร ซึ่งไม่ถูกต้องตามข้อกำหนด,Unsafe Condition
พบมีการลงรายละเอียดข้อมูลไม่ครบ,
ตรวจสอบเอกสารเรียบร้อย แต่ผู้ให้สัญญาณไม่สวมใส่เสื้อสะท้อนแสงตามมาตรการกำหนด,Unsafe Condition
lifting plan form not up date and no plan calculation weight before working,Unsafe Condition
ทราบว่าต้องวางแผนการคำนวณน้ำหนักแต่ไม่ปฎิบัติ,
มีการนำทินเนอร์ใส่ภาชนะที่เป้นขวดน้ำดื่มเข้ามาใช้งาน,
ผู้ขออนุญาตไม่ได้ลงชื่อรับรองความปลอดภัยก่อนเริ่มงาน,Unsafe Action
ผู้ขออนุญาตไม่ได้คำนวณ Lifting capacity rate ข้อ 2.6.3 ก่อนทำงานยก,Unsafe Action
Insulation ที่ใส่ไว้ในถุงไม่ปิดให้มิดชิด ทำให้เปียกน้ำและหลุดออกมาภายนอกได้,Unsafe Condition
ประเมิน JSA ไม่ครบ เนื่องจากมีการนำรถ Crane เข้ามาใช้งาน แต่ไม่มีการประเมินมาตรการของการใช้รถ,Unsafe Action
พบ Tag นั่งร้านภายในห้องไฟฟ้าไม่ UP Date,Unsafe Condition
พบ Stan ที่ใช้สำหรับทำงานตรงจุด Load Sea Bulk เบรคล้อสภาพไม่พร้อมใช้งาน,Unsafe Condition
พบ Tag นั่งร้านภายในห้องไฟฟ้าไม่ UP Date,Unsafe Condition
ตรวจสอบพบการใช้ Forklift ยกของใช้กำมะลอรัดสิ่งของ (ไม่ถูกต้อง) อุปกรณ์ยังไม่ได้ตรวจสอบและออกสติกเกอร์ ,Unsafe Condition
ตรวจสอบพบงานมาสี คู่ร่วมธุรกิจไม่ปฏิบัติตามมาตราการ JSA โดยไม่สวมใส่ MASK ป้องกันกลิ่นและไม่สวมใส่ถุงมือและไม่มีแว่นตาครอบแว่นสายตา,Unsafe Condition
ตรวจสอบพบ คู่ร่วมธุรกิจ TSP ขัดพื้น พบไม่สวมใส่ PPE ตามที่ Permit To Work และ JSA กำหนด MASK แว่นตา ป้องกันอันตรยจากการทำงาน,Unsafe Condition
ไม่ได้ตรวจสอบนั่งร้านประจำสัปดาห์ ( หมดตั้งแต่วันที่ 6/9/65 ),
"พบมีการใช้งานเอกสารแต่เป็นฟอร์มเก่า
       (SE-F-0213 )",
ตรวจพบบันไดที่นำมาใช้งานไม่ผ่านการตรวจสภาพ,
พบมีการขึ้นด้านบนเพื่อแขวนสลิง แต่ไม่มีเอกสารงานที่สูงประกอบ Work,
มีการลงรายละเอียดในเอกสารแต่ลูกกุญแจ Lock ไม่ครบ ( ขาด No. 11No.12 ),
พบมีการปืดกั้นพื้นที่แต่ไม่มีป้ายชี้บ่ง,
พบอุปกรณ์ที่นำมาใช้งานไม่ผ่านการตรวจสภาพ,
มีการลงรายละเอียดในเอกสารแต่ลูกกุญแจ Lock ไม่ครบ ,
ตรวจสอบพบงานหุ้ม Insulation โดยคู่ร่วมธุรกิจกำลังยาแนวด้วย Silicone ไม่สวมใส่ MASK ป้องกันอันตรายจากสารละเหยที่เป็นกรด จาก Silicone ตรวจสอบ JSA ไม่มีระบุไว้,Unsafe Condition
ไม่มีเอกสารบันทึกผลตรวจร่างกายเบื้องตัน,
พบนั่งร้าน Mobile ปิดกั้นพื้นที่ไม่ครอบคลุม อาจทำให้เกิดอุบัติเหตุการเฉี่ยวชนจากรถที่วิ่งบริเวณนั้นได้,Near Miss
Hook ของตัว Self Retracting Lifeline จุด load tank car ถูกคล้องเกี่ยวไว้ที่ตัว Self Retracting Lifeline ข้างบน ทำให้เวลาจะใช้งานต้องมี tank car มาจอดก่อนแล้วปีนขึ้นบน tank car แล้วดึง hook มาคล้องเกี่ยวที่ safety harness ซึ่งระบบนี้ออกมาให้คล้องเกี่ยวตั้งแต่ก่อนขึ้นไปบน tank car,Near Miss
ทีอจ่ายน้ำ Eye wash ,
ไม่มีการประเมินความเสี่ยงผู้ที่ลงไปปฏิบัติงานในหลุมที่ขุด,
ขณะไป auditไม่พบ safety lead,
ปฏิบัติไม่ได้ตามมาตรฐาน เช่น ไม่มีการป้องกันดินถล่ม,
ไม่ปฏิบัติตามข้อกำหนดใน safe work cer งานขุดในข้อ15 ไม่มีการป้องกันการเคลื่อนตัวของดิน,Unsafe Action
ผู้ปฏิบัติงานที่สูง ยังไม่ได้ตรวจสภาพร่างกายก่อนขึ้นทำงานที่สูง,Near Miss
พบสวมใส่ผ้าปิดจมูกหุ้ม Insulation,
Tag ไม่มีแขวนที่หน้างาน,
ตรวจพบจำนวนคนที่ลงหน้า work permit ไม่ตรงกับจำนวนคนที่ลงใน jsa,Unsafe Condition
พบ Safety harness ที่นำมาใช้งานไม่มีสติ๊กเกอร์ผ่านการตรวจสภาพ และ สภาพไม่พร้อมใช้งาน,Near Miss
นั่งร้านไม่มี Tag แขวน,
พบผ่านไม้กระดานที่ปลูกเพื่อขึ้นทำงานไม่มีการบวกหลักด้วยเชือกหรือลวด,Unsafe Condition
พบบันไดพาดที่นำมาใช้งานไม่มีสติ๊กเกอร์ผ่านการตรวจสภาพ,Unsafe Condition
พบเอกสารงานที่สูงเป็นแบบฟอร์มเก่า,
ตรวจสอบพื้นที่ Gas&Oil พบไม่มี SDS ติดไว้ที่หน้างาน,HNM
ตรวจสอบจุดเติมน้ำมัน Forklift ไม่มีสายกราวด์ที่ได้มาตราฐาน,Unsafe Condition
พบรายละเอียดในเอกสาร JSA ในส่วนของการสวมใส่กระบังหน้ามาตรการลงรายละเอียดผิด และ ตรวจสอบมาตรการไม่ครบถ้วน,Unsafe Condition
ตรวจสอบพบนั่งร้านแบบ Mobile สภาพล้อไม่สามารถล๊อคได้ตามมาตราการจำนวน 2 ล้อ (ให้ผู้ปฏิบัติงานหยุดงานยกเลิกใช้ก่อน),Near Miss
ตรวจสอบพบนั่งร้านขาดการตรวจสอบ (Tag เขียว หมดอายุ) ,Unsafe Condition
ตรวจสอบพบผู้ปฏิบัติงานทาสี พบไม่สวมใส่ Mask R95 หรือ 6001 ตามที่ JSA กำหนด,Unsafe Condition
ตรวจสอบพบ JSA ขาดการประเมิน หัวข้อ 6.1 ตรวจสอบมาตราการหน้างาน (Safety Lead),Unsafe Condition
ตรวจพบเอกสาร JSA ในส่วนการตรวจสอบมาตรการหน้างานไม่มีการตรวจสอบ,Unsafe Action
ไม่พบเอกสารการตรวจร่างกายเบื้องต้นก่อนเริมงาน,
"ตรวจพบขวดใส่น้ำมันหล่อลื่นนำสติ๊กเกอร์ Waste label ,มาติดซึ่งไม่ถูกต้อง",Unsafe Condition
พบในเอกสาร JSA ไม่มีการขั้นตอนการใช้รถ Fork lift และ ไม่มีการผูกรัดถังก่อนทำการขนย้าย,Unsafe Condition
พบในเอกสาร JSA ข้อที่/ มีการกำหนดมาตรการ Lock LOTO และมีการตรวจสอบมาตรการหน้างานแล้ว แต่ที่ Work Permit ไม่มีการลงรายละเอียดนัมเบอร์ LOTO ที่ทำการ Lock,Near Miss
พบในเอกสาร JSA ไม่มีการตรวจสอบมาตรการหน้างาน,
ตรวจสอบพบ Barricade ใช้แบ Euro Tape ที่ได้ยกเลิกไป 01 มีนาคม 63 และไม่มี Tag Barricade ,Unsafe Condition
Safe Work Certificate งานยก กับการทำงานไม่ครอบคลุม อุปกรณ์ช่วยยกขาดการตรวจสอบและออกสติกเกอร์,Near Miss
พบอุปกรณ์ที่นำมาใช้งานไม่ผ่านการตรวจสภาพ,
พบอุปกรณ์ไม่ผ่านการตรวจสภาพ ,
พบว่าพนักงานผู้ขออนุญาต และเป็น safety lead ควบคุมงานด้วย จากการสอบถามพนักงานและขอดูบัตร safety lead พบว่ายังไม่มีบัตรเพราะไม่ได้ขึ้นทะเบียนsafety lead ,Near Miss
ตรวจสอบพบงาน Test Line Air Compressor ด้วย Nitrogen พบ Regulator ที่ใช้งานอยู่ยังไม่ได้ตรวจสอบและออกสติกเกอร์,Near Miss
พบจุดเก็บ Waste ข้อมูลการจัดเก็บไม่ตรงกับของที่เก็บ,Unsafe Action
ข้อมูลเอกสารไม่ถูกต้องกับสิ่งของที่เก็บ,
มีถัง200ลิตรที่เป็นสารไวไฟ ใกล้จุดปฏิบัติงาน ที่มีงานเชื่อม,Near Miss
Safety lead ไม่ปฏิบัติตามาตรการที่กำหนดใน safe work certificate งาน hot class I ยังปล่อยให้มีสารไวไฟในพื้นที่,HNM
Safety Harness ไม่ได้ตามมาตรฐาน 1.Lan yard ตะขอคล้องเกี่ยว มีแค่ 1 เส้น และตะขอไม่ได้ตามมาตรฐานต้องมี 2 เส้น และต้องเป็นตะขอใหญ่ 2.การสวมใส่ safety harness ไม่ถูกต้อง คือไม่ได้ล๊อคสายตามจุด ของBody และก็ไม่ได้คล้องเกี่ยว,Near Miss
ตรวจสอบ Work Permit พบหัวข้อ 1.3 และหัวข้อที่ 3 Safety Lead ไม่เซ็นเอกสาร (ผู้ปฏิบัติงานทำงานแล้ว),Near Miss
"ตรวจสอบ JSA พบหัวข้อ 6.1 และ หัวข้อ 5 และ 5.1,5.2 ขาดการประเมินหน้างาน",
เอกสารข้อกำหนดแบบฟอร์มความปลอดภัยทำงานบนที่สูง ยังไม่ได้ทำการบันทึกผลการประเมินแต่มีการ Sign มาตรการล่วงหน้าไว้ก่อน,Unsafe Condition
จากสัมภาษณ์จากการที่ลงชื่อรับรองในเอกสารSWC WAH ยังเข้าใจว่าลงชื่อก่อนได้แล้วถึงตรวจตามมาตรการที่กำหนดภายหลัง,Unsafe Condition
"พบเอกสาร SWC WAH ทาง SAFETY LEAD , PERMIT REQUESTOR ลงชื่อรับรองก่อนรวจสอบมาตรการ WAH",Unsafe Condition
มี 1 ด้านที่กั้นผ้ากันไฟซึ่งไม่แข็งแรงเพียงพอ ที่กันคนตกลงด้านล่างได้,Unsafe Condition
Lifting Plan ยังไม่ได้คำนวณ ข้อ 2.7 Lifting Condition,Unsafe Action
ไม่พบเอกสารการบันทึกผลการตรวจร่างกายเบื้องต้น,
พบพื้นถนนมีสภาพทรุดมากขึ้นเนื่องจากน้ำใต้ดินและ ฝนตก,
พบกระป๋องสีและกระป๋องทินเนอร์ที่หมดแล้วไม่ใส่ในภาชนะจัดเก็บ,Unsafe Condition
พบ Safety Belt สำหรับยกเปลี่ยน Battery  Fork lift ไม่ผ่านการตรวจสภาพ,Near Miss
 พบ Safety Harness บริเวณจุด Load          Sea Bulk  ไม่ผ่านการตรวจสภาพ,Unsafe Condition
ตรวจสอบพบงานทาสี Line พบไม่สวมใส่ MASK ป้องกันและตรวจสอบ JSA ไม่พบการประเมินระบุไว้ ,Near Miss
มีการทำงานบนที่สูงโดยใช้บันไดทรงเอ แต่ผู้ขออนุญาตไม่ได้แนบ WAH Certificate มากับ work permit,Unsafe Condition
วิศวกร ME ยังไม่ได้เซ็นรับรอง ,
ไม่พบเอกสาร Work at Height,
พบถังน้ำมันใช้งานแล้วไม่ได้วางอยูาใน Ban และ เกินกำหนดเวลาในการส่งกำจัดที่ระบุไว้ที่ถัง,Near Miss
พบอุปกรณ์ช่วยยกยังไมีมี Tag ผ่านการตรวจสภาพ ( Tag ยังเป็นของเดือนกันยายน ) ซึ่งเคยมีการแนะนำไปแล้ว แต่ยังไม่มีการแก้ไข,Near Miss
พบอุปกรณ์ป้องกันการตกยังไมีมี Tag ผ่านการตรวจสภาพ ( Tag ยังเป็นของเดือนกันยายน ),Near Miss
ไม่เกี่ยวข้อง,
ตรวจพบชิ้นส่วนของอุปกรณ์ป้องกันการตกมีสภาพไม่พร้อมใช้งาน (เป็นสนิม ) ,Unsafe Condition
พบอุปกรณ์ช่วยยกไม่ผ่านการตรวจสภาพ และ สภาพไม่พร้อมใช้งาน,Near Miss
พบมีการนำน้ำยา WD-40 มาใช้ที่หน้างานแต่ไม่มีการประเมินอันตรายและการป้องกันในเอกสาร JSA,
พบทีมงานนำรอกมาเกี่ยวไว้กับช่องของท่อ Pipe นั่งร้านเพื่อยกอุปกรณ์ขึ้นประกอบ ซึ่งไม่ตรงตามขั้นตอนวิธีการทำงานที่กำหนดใน JSA,Near Miss
อุปกรณ์ช่วยยก (สลิงผ้า) ยังไม่ผ่านการตรวจสภาพ,
ตรวจสอบ JSA พบขาดการตรวจสอบมาตราการจหัวข้อ 6.1 โดย Safety Lead ,
ตรวจสอบ JSA พบขาดการตรวจสอบมาตราการจหัวข้อ 6.1 โดย Safety Lead ,
พบมีการนำน้ำยา WD-40 มาใช้ที่หน้างานและไม่มีการจัดเก็บโดยวางทิ้งไว้บริเวณหน้างานตัด-เจียร,Unsafe Condition
WAH Certificate มีการใช้แต่ระบุข้อมูลไม่ครบ ผู้ขออนุญาติ safety lead แจ้งว่าลืม,Unsafe Condition
ตรวจสอบ tag นั่งร้านหมดอายุ,
