words,spell,correct,frequency
เเนว,['แนว'],แนว,7
เก้,['แก้'],แก้,3
เก็ด,['เก็ด'],เก็ด,3
เกต,['เกต'],เกต,3
เกตุ,['สังเกตุ'],เกตุ,2
เก็น,"['เก็บ', 'เก็บงาน', 'เก็บสี']",เก็บ,2
เก็บ,"['เก็บ', 'เก็บงาน', 'เก็บสี']",เก็บ,191
เก็บงาน,['เก็บงาน'],เก็บงาน,29
เก็บสี,['เก็บสี'],เก็บสี,2
เกร้า,['เกร้า'],เกร้า,3
เกลี่ย,['เกลี่ย'],เกลี่ย,70
เกลียว,['เกลียว'],เกลียว,10
เก่า,['เก่า'],เก่า,12
เก๊า,['เก่า'],เก่า,3
เกาะ,['เกาะ'],เกาะ,7
เกิด,"['เกิด', 'เกิดเหตุ', 'เกิดขึ้น']",เกิด,25
เกิดเหตุ,"['เกิด', 'เกิดเหตุ', 'เกิดขึ้น']",เกิดเหตุ,2
เกิดขึ้น,"['เกิด', 'เกิดเหตุ', 'เกิดขึ้น']",เกิดขึ้น,2
เกิน,"['เกิน', 'เกินไป']",เกิน,230
เกินไป,"['เกิน', 'เกินไป']",เกินไป,2
เกียร์,['เกียร์'],เกียร์,2
เกี่ยว,"['เกี่ยว', 'เกี่ยวกับ', 'เกี่ยวข้อง']",เกี่ยว,70
เกี่ยวกับ,"['เกี่ยว', 'เกี่ยวกับ', 'เกี่ยวข้อง']",เกี่ยวกับ,5
เกี่ยวข้อง,"['เกี่ยว', 'เกี่ยวกับ', 'เกี่ยวข้อง']",เกี่ยวข้อง,12
เกือบ,['เกือบ'],เกือบ,3
เข,['เขต'],เขต,8
เขต,['เขต'],เขต,5
เข็น,['เข็น'],เข็น,3
เข็ม,"['เข็ม', 'เข็มขัด']",เข็ม,31
เข็มขัด,"['เข็ม', 'เข็มขัด']",เข็มขัด,2
เขม่า,['เขม่า'],เขม่า,4
เขา,['เข้า'],เข้า,4
เขา,['เข่า'],เข่า,4
เข่า,['เข่า'],เข่า,4
เข่า,['เขม่า'],เขม่า,2
เข้า,"['เข้า', 'เข้าแบบ', 'เข้าใจ', 'เข้าไป']",เข้า,247
เข้าแบบ,['เข้าแบบ'],เข้าแบบ,439
เข้าใจ,['เข้าใจ'],เข้าใจ,3
เข้าไป,['เข้าไป'],เข้าไป,33
เข้ากับ,['เข้ากับ'],เข้ากับ,19
เข้างาน,['เข้างาน'],เข้างาน,12
เข้าทำงาน,['เข้าทำงาน'],เข้าทำงาน,6
เข้าที่,['เข้าที่'],เข้าที่,2
เข้ามา,['เข้ามา'],เข้ามา,36
เข้าหน้า,['เข้าหน้า'],เข้าหน้า,30
เข้าออก,"['เข้าออก', 'ขาออก', 'เข้ารอบ', 'เข้ารอย', 'เข้าฝัก', 'เข้าคอ']",เข้าออก,2
เขียน,['เขียน'],เขียน,2
เขียว,['เขียว'],เขียว,5
เค,['เค'],เค,3
เคเบิล,['เคเบิล'],เคเบิล,2
เคมี,['เคมี'],เคมี,55
เครน,['เครน'],เครน,24
เครียร์,['เคลียร์'],เคลียร์,13
เครือ,"['เครือ', 'เครื่อง']",เครื่อง,63
เครื่อง,['เครื่อง'],เครื่อง,114
เครื่องกลึง,"['เครื่องกลึง', 'เครื่องกล', 'เครื่องกรอง']",เครื่องกลึง,8
เครื่องคอมพิวเตอร์,['เครื่องคอมพิวเตอร์'],เครื่องคอมพิวเตอร์,6
เครื่องจักร,['เครื่องจักร'],เครื่องจักร,69
เครื่องปั่นไฟ,['เครื่องปั่นไฟ'],เครื่องปั่นไฟ,2
เครื่องมือ,['เครื่องมือ'],เครื่องมือ,156
เครื่องมือวัด,['เครื่องมือวัด'],เครื่องมือวัด,8
เครื่องยนต์,['เครื่องยนต์'],เครื่องยนต์,2
เครื่องวัด,['เครื่องวัด'],เครื่องวัด,8
เคลม,['เคลม'],เคลม,2
เคลียร์,['เคลียร์'],เคลียร์,6
เคลื่อน,['เคลื่อน'],เคลื่อน,2
เคลื่อนที่,['เคลื่อนที่'],เคลื่อนที่,2
เคลื่อนย้าย,['เคลื่อนย้าย'],เคลื่อนย้าย,20
เคลือบ,['เคลือบ'],เคลือบ,5
เคาะ,['เคาะ'],เคาะ,2
เคียง,['เคียง'],เคียง,2
เงิน,['เงิน'],เงิน,2
เจ,['เจาะ'],เจาะ,4
เจน,['เจนเนอร์เรเตอร์'],เจนเนอร์เรเตอร์,5
เจนเนอร์เรเตอร์,['เจนเนอร์เรเตอร์'],เจนเนอร์เรเตอร์,5
เจ้า,['เข้า'],เข้า,2
เจ้าของ,['เจ้าของ'],เจ้าของ,5
เจ้าของงาน,['เจ้าของงาน'],เจ้าของงาน,2
เจาะ,['เจาะ'],เจาะ,690
เจีย,['เจียร์'],เจียร์,18
เจียร,['เจียร์'],เจียร์,1264
เจียร์,['เจียร์'],เจียร์,1263
เจียระ,['เจียร์'],เจียร์,1
เฉี่ยว,['เฉี่ยว'],เฉี่ยว,2
เช็ค,['เช็ค'],เช็ค,157
เช่น,['เช่น'],เช่น,3
เช้า,['เช้า'],เช้า,5
เชือ,['เชื่อม'],เชื่อม,18
เชื่อ,['เชื่อม'],เชื่อม,18
เชื้อ,['เชื้อ'],เชื้อ,18
เชื้อเพลิง,['เชื้อเพลิง'],เชื้อเพลิง,3
เชือก,['เชือก'],เชือก,18
เชือกฟาง,['เชือกฟาง'],เชือกฟาง,2
เชือม,['เชื่อม'],เชื่อม,120
เชื่อม,['เชื่อม'],เชื่อม,1384
เชื้อม,['เชื่อม'],เชื่อม,200
เซนต์,['เซนต์'],เซ็น,2
เซ็นต์,['เซ็นต์'],เซ็นต์,2
เซลล์,['เซลล์'],เซลล์,342
เซาะ,['เซาะ'],เซาะ,10
เด็น,['เด็น'],เด็น,4
เดิน,['เดิน'],เดิน,138
เดินผ่าน,"['เดินผ่าน', 'เงินผ่อน']",เดินผ่าน,4
เดินรถ,['เดินรถ'],เดินรถ,2
เดินสาย,['เดินสาย'],เดินสาย,3
เดิม,['เดิม'],เดิม,21
เดียว,['เดียว'],เดียว,9
เดียวกัน,['เดียวกัน'],เดียวกัน,4
เดือน,['เดือน'],เดือน,2
เต,['เต็นท์'],เต็นท์,4
เต้น,['เต็นท์'],เต็นท์,2
เต้นท์,['เต็นท์'],เต็นท์,12
เต็นท์,['เต็นท์'],เต็นท์,6
เต็ม,['เต็ม'],เต็ม,2
เตรียม,['เตรียม'],เตรียม,62
เตรียมงาน,['เตรียมงาน'],เตรียมงาน,60
เตอรี่,['เตอรี่'],เตอรี่,2
เตา,['เตา'],เตา,93
เต้า,['เต้า'],เต้า,20
เต๋า,['เตา'],เตา,2
เติม,['เติม'],เติม,51
เติมน้ำมัน,['เติมน้ำมัน'],เติมน้ำมัน,47
เตือน,['เตือน'],เตือน,27
เท,['เท'],เท,27
เทคอนกรีต,['เทคอนกรีต'],เทคอนกรีต,157
เทนเนอร์,['เทนเนอร์'],เทนเนอร์,5
เทป,['เทปูน'],เทปูน,6
เทปูน,['เทปูน'],เทปูน,272
เท่า,['เท่า'],เท่า,4
เท้า,['เท้า'],เท้า,4
เท้า,['เท่า'],เท่า,3
เท่ากัน,"['เท่ากัน', 'เท่ากับ', 'เท่าทัน']",เท่ากัน,5
เท่ากับ,['เท่ากับ'],เท่ากับ,2
เที่ยงคืน,['เที่ยงคืน'],เที่ยงคืน,2
เทียบ,['เทียบ'],เทียบ,3
เน,['เน้น'],เน้น,3
เน้นย้ำ,['เน้นย้ำ'],เน้นย้ำ,2
เนิน,['เนิน'],เนิน,2
เนื่อง,['เนื่อง'],เนื่อง,2
เนื่องจาก,['เนื่องจาก'],เนื่องจาก,35
เบอร์,['เบอร์'],เบอร์,2
เบิด,['เบิด'],เบิด,2
เบิล,['เบิล'],เบิล,2
เบี่ยง,['เบี่ยง'],เบี่ยง,2
เบียด,['เบียด'],เบียด,6
เบื้อง,[เบื้อง'],เบื้อง,2
เบื้องต้น,['เบื้องต้น'],เบื้องต้น,5
เป็น,['เป็น'],เป็น,85
เป็นแนว,"['เป็นแนว', 'เป็นแดน']",เป็นแนว,2
เป็นไป,"['เป็นไป', 'เป็นไร', 'เป็นไฟ']",เป็นไป,2
เป็นไปตาม,['เป็นไปตาม'],เป็นไปตาม,7
เป็นงาน,"['เป็นงาน', 'เป็นต้น', 'เป็นอัน', 'เล่นงาน', 'เป็นแดน']",เป็นงาน,9
เป็นที่,['เป็นที่'],เป็นที่,2
เป็นระเบียบ,['เป็นระเบียบ'],เป็นระเบียบ,2
เป็นระเบียบเรียบร้อย,['เป็นระเบียบเรียบร้อย'],เป็นระเบียบเรียบร้อย,2
เป็นสนิม,['เป็นสนิม'],เป็นสนิม,3
เป็นสาเหตุ,['เป็นสาเหตุ'],เป็นสาเหตุ,2
เปบียน,['เปลี่ยน'],เปลี่ยน,2
เปบี่ยน,['เปลี่ยน'],เปลี่ยน,2
เปล่า,['เปล่า'],เปล่า,20
เปลียน,['เปลี่ยน'],เปลี่ยน,12
เปลียน,"['เปลี่ยน', 'เปลื่อน']",เปลี่ยน,10
เปลี่ยน,['เปลี่ยน'],เปลี่ยน,820
เปลี่ยนเป็น,['เปลี่ยนเป็น'],เปลี่ยนเป็น,3
เปลี่ยนตัว,['เปลี่ยนตัว'],เปลี่ยนตัว,3
เปลื่ยน,"['เปลี่ยน', 'เปลื่อน']",เปลี่ยน,11
เป่า,['เป่า'],เป่า,7
เป๋า,['เป๋า'],เป๋า,7
เปิด,['เปิด'],เปิด,243
เปิดน้ำ,"['เปิดน้ำ', 'เป็นน้ำ', 'เช็ดน้ำ', 'ผิดน้ำ']",เปิดน้ำ,2
เปีย,['เปีย'],เปียก,2
เปียก,['เปียก'],เปียก,4
เปียกชื้น,['เปียกชื้น'],เปียกชื้น,2
เปียน,['เปลี่ยน'],เปลี่ยน,-1
เผา,['เผา'],เผา,4
เผื่อ,['เผื่อ'],เผื่อ,18
เฝ้า,['เฝ้า'],เฝ้า,3
เพ,['เพราะ'],เพราะ,2
เพราะ,['เพราะ'],เพราะ,4
เพลิง,['เพลิง'],เพลิง,38
เพิม,['เพิม'],เพิ่ม,29
เพิ่ม,['เพิ่ม'],เพิ่ม,29
เพิ่มเติม,['เพิ่มเติม'],เพิ่มเติม,3
เพิ่มขึ้น,['เพิ่มขึ้น'],เพิ่มขึ้น,8
เพียง,['เพียง'],เพียง,6
เพียงพอ,['เพียงพอ'],เพียงพอ,8
เพี้ยน,['เพี้ยน'],เพี้ยน,2
เพื่อ,['เพื่อ'],เพื่อ,308
เพื่อ,['เพื่อ'],เพื่อ,3
เพื่อให้,['เพื่อให้'],เพื่อให้,3
เพื่อที่จะ,['เพื่อที่จะ'],เพื่อที่จะ,3
เฟรม,['เฟรม'],เฟรม,2
เฟส,['เฟส'],เฟส,25
เภท,['เภท'],เภท,2
เมตร,['เมตร'],เมตร,271
เมิญ,"['เมิน', 'เชิญ', 'เมิน', 'เมิง', 'เริญ', 'เมิณ', 'เอิญ', 'เมิล', 'เขิญ', 'เม็ญ', 'เมิด', 'เมิส']",เมิน,4
เมิณ,"['เมิน', 'เชิญ', 'เมิน', 'เมิง', 'เริญ', 'เมิณ', 'เอิญ', 'เมิล', 'เขิญ', 'เม็ญ', 'เมิด', 'เมิส']",เมิน,3
เมิน,['เมิน'],เมิน,2
เมินหน้า,"['เมินหน้า', 'เดินหน้า', 'เกินหน้า']",เมินหน้า,2
เมือ,['เมื่อ'],เมื่อ,2
เมื่อ,['เมื่อ'],เมื่อ,9
เย็น,['เย็น'],เย็น,2
เยอะ,['เยอะ'],เยอะ,4
เยี่ยมชม,['เยี่ยมชม'],เยี่ยมชม,24
เร,['เรดาร์'],เรดาร์,3
เรดาร์,['เรดาร์'],เรดาร์,3
เรย์,['เรย์'],เรย์,24
เริ่ม,['เริ่ม'],เริ่ม,18
เรียง,['เรียง'],เรียง,2
เรียบร้อย,['เรียบร้อย'],เรียบร้อย,12
เรื้อ,['เรื้อ'],เรื้อ,2
เรื่อง,['เรื่อง'],เรื่อง,8
เล็ก,['เล็ก'],เล็ก,2
เล็กน้อย,['เล็กน้อย'],เล็กน้อย,3
เลข,['เลข'],เลข,20
เลท,['เล็ก'],เล็ก,2
เลฟินส์,"['เลฟินส์', 'เลนส์', 'ฟินส์', 'เฟิลส์', 'เอคินส์', 'เลียนส์', 'เฟ่นส์', 'คลินส์', 'ลินส์']",เลฟินส์,2
เลย,['เลย'],เลย,5
เละ,['เละ'],เละ,22
เลาะ,['เลาะ'],เลาะ,2
เลิก,['เลิก'],เลิก,2
เลื่อย,['เลื่อย'],เลื่อย,47
เวณ,['เวณ'],เวณ,2
เว้น,['เว้น'],เว้น,3
เวลา,['เวลา'],เวลา,20
เศษ,['เศษ'],เศษ,44
เศษเหล็ก,['เศษเหล็ก'],เศษเหล็ก,8
เศษไม้,['เศษไม้'],เศษไม้,5
เศษผ้า,"['เศษผ้า', 'เศร้า', 'เผ้า', 'เศณ้า']",เศษผ้า,2
เส,['เส้น'],เส้น,2
เส้น,['เส้น'],เส้น,11
เส้นทาง,['เส้นทาง'],เส้นทาง,9
เสร็จ,['เสร็จ'],เสร็จ,5
เสริม,['เสริม'],เสริม,2
เสา,['เสา'],เสา,36
เสาเข็ม,['เสาเข็ม'],เสาเข็ม,12
เสีย,['เสีย'],เสีย,11
เสียง,['เสียง'],เสียง,12
เสี่ยง,['เสี่ยง'],เสี่ยง,18
เสียงดัง,"['เสียงดัง', 'เสียงหลง', 'เสียงทอง']",เสียงดัง,5
เสียงาน,"['เสียงาน', 'เสียง', 'เสียหาย', 'เสียดาย', 'เสียคน', 'เสียน', 'เสียดทาน', 'เสียบน', 'เสียการ', 'เสียสาว']",เสียงาน,9
เสียที่,['เสียที่'],เสียที่,2
เสียบ,['เสียบ'],เสียบ,91
เสียหลัก,['เสียหลัก'],เสียหลัก,3
เสียหาย,['เสียหาย'],เสียหาย,4
เสื้อ,['เสื้อ'],เสื้อ,11
เสื่อมสภาพ,['เสื่อมสภาพ'],เสื่อมสภาพ,3
เหตุ,['เหตุ'],เหตุ,5
เหตุการณ์,['เหตุการณ์'],เหตุการณ์,3
เหตุฉุกเฉิน,['เหตุฉุกเฉิน'],เหตุฉุกเฉิน,2
เห็น,['เห็น'],เห็น,3
เหนือ,['เหนือ'],เหนือ,3
เหม็น,['เหม็น'],เหม็น,4
เหมา,['เหมา'],เหมา,2
เหมาะ,['เหมาะ'],เหมาะ,2
เหมาะสม,['เหมาะสม'],เหมาะสม,18
เหมือน,['เหมือน'],เหมือน,4
เหมือนเดิม,['เหมือนเดิม'],เหมือนเดิม,2
เหมือนกัน,"['เหมือนกัน', 'เหมือนกับ']",เหมือนกัน,2
เหยียบ,['เหยียบ'],เหยียบ,18
เหยื่อ,['เหยื่อ'],เหยื่อ,2
เหล็ก,['เหล็ก'],เหล็ก,347
เหล็กเส้น,['เหล็กเส้น'],เหล็กเส้น,60
เหล็กสกัด,['เหล็กสกัด'],เหล็กสกัด,3
เหลว,['เหลว'],เหลว,2
เหลือ,['เหลือ'],เหลือ,6
เหลือง,['เหลือง'],เหลือง,3
เอ,['เอก'],เอก,5
เอกสาร,['เอกสาร'],เอกสาร,49
เอง,['เอง'],เอง,4
เอว,['เอว'],เอว,3
เอา,['เอา'],เอา,15
เอียง,['เอียง'],เอียง,4
เอียด,['เอียด'],เอียด,4
เฮียบ,"['เฮี๊ยบ', 'เจี๊ยบ', 'เปี๊ยบ', 'เอี๊ยบ', 'เฮี้ยบ', 'เตี๊ยบ', 'เฮียบ']",เฮี๊ยบ,20
เฮี่ยบ,"['เฮี๊ยบ', 'เจี๊ยบ', 'เปี๊ยบ', 'เอี๊ยบ', 'เฮี้ยบ', 'เตี๊ยบ', 'เฮียบ']",เฮี๊ยบ,5
เฮี้ยบ,"['เฮี๊ยบ', 'เจี๊ยบ', 'เปี๊ยบ', 'เอี๊ยบ', 'เฮี้ยบ', 'เตี๊ยบ', 'เฮียบ']",เฮี๊ยบ,9
เฮี๊ยบ,"['เฮี๊ยบ', 'เจี๊ยบ', 'เปี๊ยบ', 'เอี๊ยบ', 'เฮี้ยบ', 'เตี๊ยบ', 'เฮียบ']",เฮี๊ยบ,48
แก,['แก้'],แก้,3
แก้,['แก้'],แก้,17
แกไข,['แก้ไข'],แก้ไข,2
แก่ไข,['แก้ไข'],แก้ไข,2
แก้ไข,['แก้ไข'],แก้ไข,534
แกรง,['แกรง'],แกรง,2
แก๊ส,['แก๊ส'],แก๊ส,14
แกะ,['แกะ'],แกะ,26
แขง,['แข็ง'],แข็ง,4
แข็ง,['แข็ง'],แข็ง,4
แข็งแรง,['แข็งแรง'],แข็งแรง,2
แขวน,['แขวน'],แขวน,45
แค่,['แค่'],แค่,7
แคป,['แคป'],แคป,2
แจ,['แจ'],แจ,83
แจ้ง,['แจ้ง'],แจ้ง,63
แช่,['แช่'],แช่,3
แดง,['แดง'],แดง,2
แดด,['แดด'],แดด,2
แต่,['แต่'],แต่,60
แตก,['แตก'],แตก,10
แตกร้าว,['แตกร้าว'],แตกร้าว,2
แต่ง,['แต่ง'],แต่ง,214
แต่งหน้า,['แต่งหน้า'],แต่งหน้า,2
แตน,['แตน'],แตน,2
แต่ละ,['แต่ละ'],แต่ละ,2
แทก,['แทก'],แทก,2
แท่ง,['แท่ง'],แท่ง,2
แทน,['แทน'],แทน,15
แท่น,['แท่น'],แท่น,3
แทรก,['แทรก'],แทรก,35
แน่น,['แน่น'],แน่น,5
แน่นหนา,['แน่นหนา'],แน่นหนา,3
แนบ,['แนบ'],แนบ,29
แนว,['แนว'],แนว,202
แนวตั้ง,['แนวตั้ง'],แนวตั้ง,2
แนวนอน,['แนวนอน'],แนวนอน,2
แนะนำ,['แนะนำ'],แนะนำ,11
แบต,['แบต'],แบต,4
แบตเตอรี่,['แบตเตอรี่'],แบตเตอรี่,5
แบน,['แบน'],แบน,2
แบบ,['แบบ'],แบบ,50
แป,['แปลน'],แปลน,7
แปรง,['แปรง'],แปรง,12
แปลง,['แปลง'],แปลง,20
แปลง,['แปลง'],แปลง,15
แปลน,['แปลน'],แปลน,76
แผง,['แผง'],แผง,32
แผน,['แผน'],แผน,2
แผ่น,['แผ่น'],แผ่น,86
แฟชั่น,['แฟชั่น'],แฟชั่น,2
แมลง,['แมลง'],แมลง,3
แยก,['แยก'],แยก,4
แรง,['แรง'],แรง,3
แรงดัน,['แรงดัน'],แรงดัน,5
แล,['แล'],แล,2
แลง,['แรง'],แรง,2
แลน,['แล้ว'],แล้ว,4
แล้ว,['แล้ว'],แล้ว,35
แล้วแต่,['แล้วแต่'],แล้วแต่,2
และ,['และ'],และ,906
และ,['และ'],และ,22
แว่น,['แว่น'],แว่น,2
แว่นตา,['แว่นตา'],แว่นตา,11
แว่นสายตา,['แว่นสายตา'],แว่นสายตา,2
แส,['แสง'],แสง,11
แส,['แส'],แส,2
แสง,['แสง'],แสง,13
แสงสว่าง,['แสงสว่าง'],แสงสว่าง,9
แสดง,['แสดง'],แสดง,11
แห้ง,['แห้ง'],แห้ง,4
แหน่ง,['แหน่ง'],แหน่ง,4
แหล่งที่มา,['แหล่งที่มา'],แหล่งที่มา,2
แหลมคม,"['แหลมคม', 'แหลม', 'แหม่ม', 'แหมม', 'แหล่ม']",แหลมคม,7
แอร์,['แอร์'],แอร์,39
โค,['แม็คโคร'],แม็คโคร,10
โค้ง,['โค้ง'],โค้ง,2
โคม,['โคม'],โคม,3
โคมไฟ,"['โคมไฟ', 'โคม', 'โคม่า', 'คบไฟ', 'ผมไฟ', 'รุมไฟ', 'โคมัย', 'โคลฟ']",โคมไฟ,39
โคมไฟถนน,['โคมไฟถนน'],โคมไฟถนน,2
โครง,['โครง'],โครง,13
โครงการ,['โครงการ'],โครงการ,8
โครงสร้าง,['โครงสร้าง'],โครงสร้าง,14
โคลน,['โคลน'],โคลน,2
โชว์,['โชว์'],โชว์,6
โซ,['โซ'],โซ,380
โซ่,['โซ่'],โซ่,6
โซล่าเซลล์,['โซล่าเซลล์'],โซล่าเซลล์,10
โดน,['โดน'],โดน,9
โดย,['โดย'],โดย,239
โดยตรง,['โดยตรง'],โดยตรง,3
โดยที่,['โดยที่'],โดยที่,10
โดยรอบ,['โดยรอบ'],โดยรอบ,6
โต๊ะ,['โต๊ะ'],โต๊ะ,2
โพ,['โพ'],โพ,2
โฟค,"['โรค', 'โค', 'โชค', 'เฟค', 'โฟน', 'โฟ', 'โฟม', 'โยค', 'แฟค', 'โฟร', 'โภค', 'โมค', 'โวค', 'โฮค', 'โฟล', 'โดค', 'โฟ้']",โฟล์ค,3
โฟม,['โฟม'],โฟม,3
โฟล์ค,['โฟล์ค'],โฟล์ค,2
โฟล์คลิฟท์,['โฟล์คลิฟท์'],โฟล์คลิฟท์,10
โย,['โยก'],โยก,4
โยก,['โยก'],โยก,2
โยน,['โยน'],โยน,2
โรง,['โรง'],โรง,3
โรงไฟฟ้า,['โรงไฟฟ้า'],โรงไฟฟ้า,3
โรงงาน,['โรงงาน'],โรงงาน,6
โรย,['โรย'],โรย,6
โลโก้,['โลโก้'],โลโก้,2
โว,['โวลต์'],โวลต์,13
โหลด,['โหลด'],โหลด,30
โหว่,['โหว่'],โหว่,2
โอ,['โอ'],โอ,4
โอกาส,['โอกาส'],โอกาส,2
ใกล้,['ใกล้'],ใกล้,38
ใกล้เคียง,['ใกล้เคียง'],ใกล้เคียง,3
ใข,['ไข'],ไข,2
ใจ,['ใจ'],ใจ,2
ใช่,['ใช่'],ใช่,5
ใช้,['ใช้'],ใช้,470
ใช้งาน,['ใช้งาน'],ใช้งาน,72
ใชพ้,['ใช้'],ใช้,2
ใช้รถเฮี๊ยบ,['ใช้รถเฮี๊ยบ'],ใช้รถเฮี๊ยบ,2
ใต้,['ใต้'],ใต้,17
ใต้ดิน,['ใต้ดิน'],ใต้ดิน,2
ใน,['ใน'],ใน,345
ใบ,['ใบ'],ใบ,20
ใบไม้,['ใบไม้'],ใบไม้,2
ใบพัด,['ใบพัด'],ใบพัด,4
ใบหน้า,['ใบหน้า'],ใบหน้า,6
ใบอนุญาต,['ใบอนุญาต'],ใบอนุญาต,3
ใยแก้ว,"['ใยแก้ว', 'แก้ว', 'นกแก้ว', 'ลอยแก้ว', 'ใจแป้ว']",ใยแก้ว,3
ใส,['ใส'],ใส,3
ใส่,['ใส่'],ใส่,76
ใส่หน้ากาก,['ใส่หน้ากาก'],ใส่หน้ากาก,15
ให้,['ให้'],ให้,94
ใหเกิด,['ให้เกิด'],ให้เกิด,2
ให่เกิด,['ให้เกิด'],ให้เกิด,2
ให้เกิด,['ให้เกิด'],ให้เกิด,2
ใหญ่,['ใหญ่'],ใหญ่,2
ใหม่,['ใหม่'],ใหม่,16
ใหม่,['ใหม่'],ใหม่,2
ให้สัญญาณ,['ให้สัญญาณ'],ให้สัญญาณ,7
ไก่,['ไก่'],ไก่,2
ไข,['ไข'],ไข,3
ไข่แดง,['ไข่แดง'],ไข่แดง,3
ไข่ขาว,['ไข่ขาว'],ไข่ขาว,4
ไขน้ำ,['ไขน้ำ'],ไขน้ำ,2
ไคร่,['ไคร่'],ไคร่,2
ได,['ได'],ได,2
ได้,['ได้'],ได้,423
ได้กลิ่น,['ได้กลิ่น'],ได้กลิ่น,14
ได้มา,"['ได้มา', 'ได้', 'ด้า', 'ด้าม', 'ได้ที', 'ได้ท่า', 'ดูมา', 'ได้ใจ', 'ไดม์', 'เด้า', 'ไซมา', 'ไดม่', 'ดมา']",ได้มา,2
ได้มาตรฐาน,['ได้มาตรฐาน'],ได้มาตรฐาน,6
ได้รับ,['ได้รับ'],ได้รับ,2
ได้รับบาดเจ็บ,['ได้รับบาดเจ็บ'],ได้รับบาดเจ็บ,4
ไดลิง,['ไดลิง'],ไดลิง,2
ไป,['ไป'],ไป,148
ไปใช้,['ไปใช้'],ไปใช้,2
ไปดู,"['ไปดู', 'ไปด้', 'ไปด']",ไปดู,3
ไปมา,"['ไปมา', 'ไซมา']",ไปมา,4
ไฟ,['ไฟ'],ไฟ,56
ไฟไหม้,['ไหม้'],ไหม้,2
ไฟฟ้า,['ไฟฟ้า'],ไฟฟ้า,59
ไม,['ไม้'],ไม้,3
ไม,['ไม่'],ไม่,3
ไม่,['ไม่'],ไม่,1192
ไม้,['ไม่'],ไม่,41
ไม้,['ไม้'],ไม้,2
ไม่เห็น,['ไม่เห็น'],ไม่เห็น,3
ไม่ค่อย,['ไม่ค่อย'],ไม่ค่อย,2
ไล่,['ไล่'],ไล่,4
ไลน์,['ไลน์'],ไลน์,2
ไว้,['ไว้'],ไว้,71
ไว้หน้า,['ไว้หน้า'],ไว้หน้า,5
ไส่,['ไส่'],ไส่,2
ไหน,['ไหน'],ไหน,2
ไหม้,['ไหม้'],ไหม้,4
ไหร่,['ไหร่'],ไหล่,14
ไหล,['ไหล'],ไหล,7
ไหล่,['ไหร่'],ไหล่,14
ไอ,['ไอ'],ไอ,5
ไอเสีย,['ไอเสีย'],ไอเสีย,2
ไฮดรอลิก,['ไฮดรอลิก'],ไฮดรอลิก,2
ก็,['ก็'],ก็,8
กก,['กด'],กด,21
กฎหมาย,['กฎหมาย'],กฎหมาย,2
กด,['กด'],กด,2
กน,['กรณ์'],กรณ์,2
กร,['กรณ์'],กรณ์,14
กรณ์,['กรณ์'],กรณ์,5
กรณี,['กรณ์'],กรณ์,4
กรด,['กรด'],กรด,2
กรน,['กรณ์'],กรณ์,7
กรม,['กรม'],กรม,2
กรร,['กรร'],กรณ์,2
กรวย,['กรวย'],กรวย,3
กรอก,['กรอก'],กรอก,2
กรอง,['กรอง'],กรอง,2
กรอน,['กรอง'],กรอง,2
กรอน,['กร่อน'],กร่อน,2
กร่อน,['กร่อน'],กร่อน,2
กระ,['กระ'],กระ,2
กระเช้า,['กระเช้า'],กระเช้า,8
กระเด็น,['กระเด็น'],กระเด็น,4
กระเป๋า,['กระเป๋า'],กระเป๋า,2
กระเป๋ากางเกง,['กระเป๋ากางเกง'],กระเป๋ากางเกง,2
กระแทก,['กระแทก'],กระแทก,6
กระแส,['กระแส'],กระแส,61
กระจก,['กระจก'],กระจก,11
กระจัดกระจาย,['กระจัดกระจาย'],กระจัดกระจาย,3
กระจาย,['กระจาย'],กระจาย,2
กระดก,['กระดก'],กระดก,3
กระดาน,['กระดาน'],กระดาน,3
กระดาษ,['กระดาษ'],กระดาษ,4
กระตุก,['กระตุก'],กระตุก,2
กระทบ,['กระทบ'],กระทบ,2
กระบวนการผลิต,['กระบวนการผลิต'],กระบวนการผลิต,26
กระบอก,['กระบอก'],กระบอก,2
กระบะ,['กระบะ'],กระบะ,3
กระป๋อง,['กระป๋อง'],กระป๋อง,2
กระสอบ,['กระสอบ'],กระสอบ,3
กร้า,['กร้า'],กร้า,3
กราฟ,['กราฟ'],กราฟ,3
กราว,['กราว'],กราว,40
กรี,['กรี'],กรี,6
กรีด,['กรีด'],กรีด,29
กล่อง,['กล่อง'],กล่อง,12
กล้อง,['กล้อง'],กล้อง,9
กล้องวัดระดับ,['กล้องวัดระดับ'],กล้องวัดระดับ,20
กลับ,['กลับ'],กลับ,23
กลับคืน,"['กลับคืน', 'กลางคืน', 'กลับคำ']",กลับคืน,7
กลับมา,"['กลับมา', 'กลับ', 'หลับตา', 'ลับตา', 'กลับทาง', 'กลับคำ']",กลับมา,3
กล้า,['กล้า'],กล้า,3
กลาง,['กลาง'],กลาง,3
กลางคืน,['กลางคืน'],กลางคืน,4
กล่าว,['กล่าว'],กล่าว,3
กลิ่น,['กลิ่น'],กลิ่น,15
กลึง,['กลึง'],กลึง,19
กลึง,['กลึง'],กลึง,3
กว่า,['กว่า'],กว่า,7
กว้าง,['กว้าง'],กว้าง,3
กวาด,['กวาด'],กวาด,23
กอ,['กอง'],กอง,11
ก่อ,['ก่อ'],ก่อ,3
ก่อ,['ก่อ'],ก่อ,3
ก่อให้เกิด,['ก่อให้เกิด'],ก่อให้เกิด,3
กอง,['กอง'],กอง,39
กอน,['กอน'],กอน,3
กอน,['ก่อน'],ก่อน,3
กอน,['กอน'],กอน,3
ก่อน,['ก่อน'],ก่อน,32
ก่อสร้าง,['ก่อสร้าง'],ก่อสร้าง,5
ก่อสร้าง,['ก่อสร้าง'],ก่อสร้าง,4
กออิฐ,['ก่ออิฐ'],ก่ออิฐ,1
กะ,['กะ'],กะ,5
กัด,['กัด'],กัด,48
กัน,['กัน'],กัน,93
กั้น,['กั้น'],กั้น,8
กันแดด,['กันแดด'],กันแดด,2
กันชน,['กันชน'],กันชน,8
กันน้ำ,"['กันน้ำ', 'กินน้ำ', 'ปันน้ำ']",กันน้ำ,2
กันฝน,['กันชน'],กันชน,4
กันภัย,['กันภัย'],กันภัย,2
กันสาด,['กันสาด'],กันสาด,12
กับ,['กับ'],กับ,149
กา,['กา'],กา,2
กาก,['กาก'],กาก,20
กาง,['กาง'],กาง,2
กางเกง,['กางเกง'],กางเกง,3
ก้าน,['ก้าน'],ก้าน,4
กาย,['กาย'],กาย,3
การ,['การ'],การ,214
การ,['การ'],การ,3
การโยน,"['การโยน', 'กาเรียน', 'กาเยน', 'การย์']",การโยน,2
การใช้งาน,['การใช้งาน'],การใช้งาน,6
การคำนวณ,['การคำนวณ'],การคำนวณ,2
การณ์,['การณ์'],การณ์,2
การ์ด,['การ์ด'],การ์ด,30
การตรวจวัด,['การตรวจวัด'],การตรวจวัด,2
การทาสี,['การทาสี'],การทาสี,2
การทำงาน,['การทำงาน'],การทำงาน,29
การนำ,"['การนำ', 'การ', 'การณ์', 'การ์ด', 'การ์', 'การก', 'กาน', 'กานน', 'กรำ', 'กรน', 'กาน้ำ', 'กราน', 'กร่ำ', 'กานา', 'กาวน์', 'การ์ท', 'การุญ', 'การ์ต', 'ถามนำ', 'การิม', 'กายน์', 'การร์', 'กร้ำ', 'การ์ธ', 'การด์', 'การาจ', 'การย์', 'บารนี']",การนำ,8
การปฏิบัติ,['การปฏิบัติ'],การปฏิบัติ,2
การประเมิน,['การประเมิน'],การประเมิน,2
การป้องกัน,['การป้องกัน'],การป้องกัน,5
การปิดกั้น,['การปิดกั้น'],การปิดกั้น,7
การผลิ,['การผลิ'],การผลิต,2
การผลิต,['การผลิต'],การผลิต,2
การผูก,"['การผูก', 'การก', 'การบูร', 'การเวก']",การผูก,3
การรื้อ,['การรื้อ'],การรื้อ,2
การลุก,"['การลุก', 'การก', 'การเวก', 'การุญ', 'กรุก', 'กาลิก', 'พาลุก', 'กลุก']",การลุก,2
การสกัด,['การสกัด'],การสกัด,2
การสัมผัส,['การสัมผัส'],การสัมผัส,2
กาว,['กาว'],กาว,3
กาศ,['กาศ'],กาศ,4
กำ,['กำ'],กำ,3
กำจัด,['กำจัด'],กำจัด,307
กำมะลอ,['กำมะลอ'],กำมะลอ,2
กำลัง,['กำลัง'],กำลัง,8
กำลังคน,"['กำลัง', 'กำลังใจ', 'กลางคน', 'กำลังดี']",กำลัง,2
กำหนด,['กำหนด'],กำหนด,13
กิ้,['กิจ'],กิจ,2
กิจกรรม,['กิจกรรม'],กิจกรรม,2
กิจการ,['กิจการ'],กิจการ,2
กีด,['กีด'],กีด,3
กีดขวาง,['กีดขวาง'],กีดขวาง,32
กุ,['กุญ'],กุญ,2
กุญ,['กุญ'],กุญ,2
กุญแจ,['กุญแจ'],กุญแจ,5
ขณะ,['ขณะ'],ขณะ,73
ขณะที่,['ขณะที่'],ขณะที่,14
ขด,['ขด'],ขด,3
ขดลวด,['ขดลวด'],ขดลวด,3
ขน,['ขน'],ขน,423
ข้น,['ขน'],ขน,2
ขนขยะ,['ขนขยะ'],ขนขยะ,3
ขนของ,['ขนของ'],ขนของ,5
ขนย้าย,"['ขนย้าย', 'ขยาย', 'ย้าย', 'คนร้าย', 'น้าย', 'ขนาย', 'นยาย']",ขนย้าย,2195
ขนส่ง,['ขนส่ง'],ขนส่ง,2
ขนาด,['ขนาด'],ขนาด,12
ขนาดเล็ก,['ขนาดเล็ก'],ขนาดเล็ก,10
ขนาดใหญ่,['ขาวใหญ่'],ขาวใหญ่,2
ขบวน,['ขบวน'],ขบวน,5
ขยะ,['ขยะ'],ขยะ,26
ขยับ,['ขยับ'],ขยับ,6
ขยาย,['ขยาย'],ขนย้าย,18
ขยายผล,['ขยาย'],ขยาย,3
ขวด,['ขวด'],ขวด,5
ขวาง,['ขวาง'],ขวาง,6
ขอ,['ขอ'],ขอ,104
ข้อ,['ข้อ'],ข้อ,22
ข้อกำหนด,['ข้อกำหนด'],ข้อกำหนด,7
ของ,['ของ'],ของ,568
ข้อง,['ข้อง'],ข้อง,2
ของเก่า,['ของเก่า'],ของเก่า,4
ของเสีย,['ของเสีย'],ของเสีย,10
ของเหลว,['ของเหลว'],ของเหลว,2
ของไหล,['ของไหล'],ของไหล,2
ของง,['ของ'],ของ,12
ข้อต่อ,['ข้อต่อ'],ข้อต่อ,10
ขอบ,['ขอบ'],ขอบ,15
ขอบเขต,['ขอบเขต'],ขอบเขต,3
ข้อมูล,['ข้อมูล'],ข้อมูล,20
ขออนุญาต,['ขออนุญาต'],ขออนุญาต,21
ขัง,['ขัง'],ขัง,3
ขัด,['ขัด'],ขัด,294
ขัดสี,"['ขัดสี', 'ขัดสน', 'บัดสี']",ขัดสี,5
ขัน,['ขั้น'],ขั้น,114
ขั้นตอน,['ขั้นตอน'],ขั้นตอน,5
ขั้นบันได,['ขั้นบันได'],ขั้นบันได,3
ขับรถ,['ขับรถ'],ขับรถ,2
ขา,['ข้าง'],ข้าง,21
ข้า,['ข้าง'],ข้าง,2
ข้าง,['ข้าง'],ข้าง,43
ข้างเดียว,['ข้างเคียง'],ข้างเคียง,2
ข้างมาก,['ข้างมาก'],ข้างมาก,3
ขาด,['ขาด'],ขาด,10
ข้าม,['ข้าม'],ข้าม,31
ข้ามถนน,['ข้ามถนน'],ข้ามถนน,25
ข่าย,['ข่าย'],ข่าย,3
ขาว,['ขาว'],ขาว,6
ขึง,['ขึง'],ขึง,2
ขึน,['ขึ้น'],ขึ้น,3
ขึ้น,['ขึ้น'],ขึ้น,51
ขึ้นไป,"['ขึ้นไป', 'ขึ้น', 'ขึ้นใจ', 'ขึ้นหา']",ขึ้นไป,14
ขึ้นรถ,"['ขึ้นรถ', 'ขึ้น', 'ขึ้นใจ', 'ขึ้นหา', 'ขึ้นครู']",ขึ้นรถ,3
ขุด,['ขุด'],ขุด,372
ขุดเจาะ,['ขุดเจาะ'],ขุดเจาะ,7
ขุ่น,['ขุ่น'],ขุ่น,4
คง,['คง'],คง,3
คณะ,['คณะ'],คณะ,2
คน,['คน'],คน,161
คนเดียว,"['คนเดียว', 'เดียว', 'ทีเดียว', 'ตาเดียว', 'ใจเดียว', 'จานเดียว']",คนเดียว,4
คนงาน,['คนงาน'],คนงาน,2
ค้นหา,['ค้นหา'],ค้นหา,3
คม,['คม'],คม,3
คม,['คม'],คม,2
ครบ,['ครบ'],ครบ,6
ครบถ้วน,['ครบถ้วน'],ครบถ้วน,4
ครอบ,['ครอบ'],ครอบ,12
ครอบคลุม,['ครอบคลุม'],ครอบคลุม,31
ครั้ง,['ครั้ง'],ครั้ง,10
ครั้งที่,['ครั้งที่'],ครั้งที่,3
ครั้งนี้,"['ครั้งนี้', 'ทั้งนี้', 'ครั้งนั้น']",ครั้งนี้,2
ครับ,['ครับ'],ครับ,3
คราบ,['คราบ'],คราบ,9
คราว,['คราว'],คราว,3
คล,['คล้อง'],คล้อง,2
คลอง,['คลอง'],คลอง,3
คล้อง,['คล้อง'],คล้อง,89
คลาย,['คล้าย'],คล้าย,2
คล้าย,['คล้าย'],คล้าย,2
คลี,['คลี่'],คลี่,2
คลุม,['คลุม'],คลุม,5
ควง,['ควง'],ควง,2
ควบ,['ควบ'],ควบ,3
ควบคุม,['ควบคุม'],ควบคุม,10
ควร,['ควร'],ควร,3
ควัน,['ควัน'],ควัน,2
คว้าน,['คว้าน'],คว้าน,17
ความ,['ความ'],ความ,229
ความเสี่ยง,['ความเสี่ยง'],ความเสี่ยง,27
ความเสียหาย,['ความเสียหาย'],ความเสียหาย,5
ความชื้น,['ความชื้น'],ความชื้น,3
ความปลอดภัย,['ความปลอดภัย'],ความปลอดภัย,3
ความร้อน,['ความร้อน'],ความร้อน,11
ความลึก,['ความลึก'],ความลึก,5
ความสะอาด,['ความสะอาด'],ความสะอาด,258
ความสูง,['ความสูง'],ความสูง,53
คอ,['คอ'],คอ,7
คอก,['คอก'],คอก,3
คอง,['คอง'],คอง,3
คอง,['คลอง'],คลอง,3
คอน,['คอน'],คอน,5
คอน,['ค้อน'],ค้อน,5
ค่อน,['ค่อน'],ค่อน,3
ค่อน,['ค้อน'],ค้อน,3
ค้อน,['ค้อน'],ค้อน,3
คอนเทนเนอร์,['คอนเทนเนอร์'],คอนเทนเนอร์,6
คอนกรีต,['คอนกรีต'],คอนกรีต,138
ค่อนข้าง,['ค่อนข้าง'],ค่อนข้าง,3
คอม,['คอม'],คอม,3
คอมพิวเตอร์,['คอมพิวเตอร์'],คอมพิวเตอร์,2
ค่อย,['ค่อย'],ค่อย,3
คัด,['คัด'],คัด,3
คัดแยก,['คัดแยก'],คัดแยก,2
คันดิน,"['คันดิน', 'ผืนดิน', 'สันดาน', 'สันดอน', 'หัสดิน', 'ทันกิน', 'รันอิน']",คันดิน,3
คับ,['คับ'],คับ,3
คับแคบ,['คับแคบ'],คับแคบ,6
คา,['คา'],คา,12
ค่า,['ค่า'],ค่า,170
คาง,['คาง'],คาง,3
ค้าง,['ค้าง'],ค้าง,25
คาด,['คาด'],คาด,3
คาน,['คาน'],คาน,48
คาร์,['คาร์'],คาร์,3
คาร์บอเนต,['คาร์บอเนต'],คาร์บอเนต,2
คาร์บอน,['คาร์บอน'],คาร์บอน,2
คำ,['ค้ำ'],ค้ำ,3
คำ,['คำ'],คำ,3
ค้ำ,['ค้ำ'],ค้ำ,2
คำนวณ,['คำนวณ'],คำนวณ,7
คำสั่ง,['คำสั่ง'],คำสั่ง,6
คืน,['คืน'],คืน,4
คือ,['คือ'],คือ,6
คุณ,['คุณ'],คุณ,3
คุณภาพ,['คุณภาพ'],คุณภาพ,73
คุม,['คลุม'],คลุม,10
คุม,['คุม'],คุม,5
คู่,['คู่'],คู่,5
งอ,['งอ'],งอ,4
งา,['งาน'],งาน,8
งาน,['งาน'],งาน,2370
ง่าน,['งาน'],งาน,20
ง้าน,['งาน'],งาน,10
ง๊าน,['งาน'],งาน,8
งานก่อสร้าง,['งานก่อสร้าง'],งานก่อสร้าง,2
งานค้าง,['งานช้าง'],งานช้าง,4
งานวัด,"['งานวัด', 'งูสวัด', 'งาตัด']",งานวัด,3
งาย,['งาน'],งาน,2
ง่าย,['ง่าย'],ง่าย,2
จก,['จก'],จก,4
จด,['จด'],จด,6
จน,['จน'],จน,12
จบ,['จบ'],จบ,10
จมน้ำ,['จมน้ำ'],จมน้ำ,3
จรวจ,['ตรวจ'],ตรวจ,1
จราจร,['จราจร'],จราจร,2
จริง,['จริง'],จริง,3
จอ,['จอ'],จอ,20
จอ,['จอ'],จอ,7
จอด,['จอด'],จอด,8
จอดรถ,['จอดรถ'],จอดรถ,5
จอม,['จอม'],จอม,9
จะ,['จะ'],จะ,29
จะแจ้ง,['จะแจ้ง'],จะแจ้ง,2
จัก,['จักร'],จักร,12
จักร,['จักร'],จักร,59
จักรยาน,['จักรยาน'],จักรยาน,3
จัง,['จัง'],จัง,4
จังหวะ,['จังหวะ'],จังหวะ,2
จัด,['จัด'],จัด,4
จัดเก็บ,"['จัดเก็บ', 'ตัดเย็บ', 'กักเก็บ']",จัดเก็บ,39
จัดเตรียม,['จัดเตรียม'],จัดเตรียม,4
จัดทำ,['จัดทำ'],จัดทำ,3
จัดวาง,['จัดวาง'],จัดวาง,6
จัดหา,['จัดหา'],จัดหา,3
จัน,['จั่น'],จั่น,2
จั่น,['จั่น'],จั่น,5
จั้น,['จั่น'],จั่น,2
จับ,['จับ'],จับ,6
จับ,['จับ'],จับ,2
จา,['จา'],จาก,2
จาก,['จาก'],จาก,159
จาง,['จาง'],จาง,4
จาน,['จาน'],จาน,5
จาย,['จาก'],จาก,5
จาย,['จ่าย'],จ่าย,5
จาย,['จาย'],จาย,5
จ่าย,['จ่าย'],จ่าย,5
จ่ายไฟ,"['จ่าย', 'สายไฟ', 'ช่างไฟ']",จ่ายไฟ,4
จารบี,"['จารี', 'จาระบี']",จารบี,16
จาระบี,['จาระบี'],จารบี,4
จาะ,['เจาะ'],เจาะ,1
จำกัด,['จำกัด'],จำกัด,3
จำนวน,['จำนวน'],จำนวน,6
จำนวนมาก,['จำนวนมาก'],จำนวนมาก,8
จี,['จึง'],จึง,2
จี้,['จึง'],จึง,2
จึง,['จึง'],จึง,60
จุ,['จุด'],จุด,2
จุด,['จุด'],จุด,261
จุดต่อ,"['จุดต่อ', 'ติดต่อ', 'จุดอ่อน', 'จดจ่อ', 'จต่อ']",จุดต่อ,3
จุดยืน,['จุดยืน'],จุดยืน,6
ฉนวน,['ฉนวน'],ฉนวน,16
ฉบับ,['ฉบับ'],ฉบับ,4
ฉาก,['ฉาก'],ฉาก,2
ฉาบ,['ฉาบ'],ฉาบ,29
ฉาบปูน,['ฉาบปูน'],ฉาบปูน,15
ฉีด,['ฉีด'],ฉีด,20
ฉุกเฉิน,['ฉุกเฉิน'],ฉุกเฉิน,3
ชน,['ขน'],ขน,10
ชนิด,['ชนิด'],ชนิด,6
ชม,['ชม'],ชม,4
ช้รถเฮี๊ยบ,['ใช้รถเฮี๊ยบ'],ใช้รถเฮี๊ยบ,4
ช่วง,['ช่วง'],ช่วง,13
ช่วงเวลา,['ล่วงเวลา'],ล่วงเวลา,2
ช่วย,['ช่วย'],ช่วย,12
ช่วยเหลือ,['ช่วยเหลือ'],ช่วยเหลือ,3
ช่วยชีวิต,['ช่วยชีวิต'],ช่วยชีวิต,4
ช่อง,['ช่อง'],ช่อง,52
ช่องโหว่,['ช่องโหว่'],ช่องโหว่,3
ช่องว่าง,['ช่องว่าง'],ช่องว่าง,4
ชอบ,['ชอบ'],ชอบ,4
ชะล้าง,['ชะล้าง'],ชะล้าง,2
ชัดเจน,['ชัดเจน'],ชัดเจน,3
ชัน,['ชัน'],ชั้น,2
ชั้น,['ชั้น'],ชั้น,485
ชั้นเดียว,['ชั้นเดียว'],ชั้นเดียว,2
ชั้นบน,['ชั้นใน'],ชั้นใน,3
ชั้นล่าง,['ชั้นล่าง'],ชั้นล่าง,6
ชัย,['ชั่ว'],ชั่ว,2
ชั่วคราว,['ชั่วคราว'],ชั่วคราว,2
ช่าง,['ช่าง'],ช่าง,19
ช่างเชื่อม,['ช่างเชื่อม'],ช่างเชื่อม,4
ชำรุด,['ชำรุด'],ชำรุด,28
ชิ้นงาน,['ชิ้นงาน'],ชิ้นงาน,12
ชี้,['ชิ้น'],ชิ้น,4
ชีวิต,['ชีวิต'],ชีวิต,4
ชื้น,['ชื้น'],ชื้น,4
ชื่อ,['ชื่อ'],ชื่อ,4
ชุด,['ชุด'],ชุด,17
ซ่,['ซ่อม'],ซ่อม,6
ซ่อง,['ซ่อง'],ซ่อม,3
ซ้อน,['ซ้อน'],ซ้อน,3
ซ่อม,['ซ่อม'],ซ่อม,219
ซ่อมบำรุง,['ซ่อมบำรุง'],ซ่อมบำรุง,2
ซ้ำ,['ซ้ำ'],ซ้ำ,2
ซ้ำซ้อน,['ซ้ำซ้อน'],ซ้ำซ้อน,3
ซิ,['ซีด'],ซีด,12
ซี,['ซีด'],ซีด,2
ซีด,['ซีด'],ซีด,3
ซึ่ง,['ซึ่ง'],ซึ่ง,53
ซึ่งหน้า,['ซึ่งหน้า'],ซึ่งหน้า,2
ซึม,['ซึม'],ซึม,3
ฌศษ,"['เศษ', 'โศษ']",เศษ,2
ญาติ,['ญาติ'],ญาติ,3
ฐาน,['ฐาน'],ฐาน,26
ณ์,"['อุปกรณ์', 'ณา', 'ณี', 'ณุ', 'ณะ', 'ณิ', 'ณพ', 'รณ์', 'ณู', 'ษณ์', 'ณณ', 'ณก', 'ณญ', 'ณำ', 'ณฑ์', 'ณต', 'ธณ์', 'มณ์']",ณ์,37
ณณ์,"['รณ์', 'ษณ์', 'ณณ', 'ณฑ์', 'มณ์', 'ธณ์']",รณ์,3
ณื,"['อุปกรณ์','ณา', 'ณี', 'ณุ', 'ณะ', 'ณิ', 'ณพ', 'ณู', 'ณือ', 'ณืป', 'ณณ', 'ณำ', 'ณก', 'ณญ', 'ณืค', 'ณืส', 'ณต']",ณ์,6
ด์,"['ดี', 'ดู', 'ดำ', 'ดา', 'ดิ', 'ดุ', 'ดง', 'ดม', 'ดด', 'ดะ', 'ดก', 'ดล', 'ดอ', 'ดร', 'ดน', 'ดบ', 'ดค', 'ดส', 'ดต', 'ดป', 'ดช', 'ดึ', 'ดท', 'ดจ', 'ดพ', 'ดท์', 'นด์', 'วด์', 'ดส์', 'ลด์']",ด์,40
ดก,['ดก'],ดก,2
ดวก,['ดวก'],ดวก,2
ดวงตา,['ดวงตา'],ดวงตา,2
ด้วย,['ด้วย'],ด้วย,310
ดัก,['ดัก'],ดัก,4
ดัง,['ดัง'],ดัง,2
ดังกล่าว,['ดังกล่าว'],ดังกล่าว,2
ดัด,['ดัด'],ดัด,12
ดัน,['ดัน'],ดัน,5
ดับ,['ดับ'],ดับ,42
ดาด,['ดาด'],ดาด,4
ดาดฟ้า,['ดาดฟ้า'],ดาดฟ้า,2
ดาน,['ดาน'],ดาน,5
ด้าน,['ด้าน'],ด้าน,18
ด้านใน,"['ด้านใน', 'ด้าน', 'ข้างใน', 'ช้านาน']",ด้านใน,43
ด้านนอก,['ด้านนอก'],ด้านนอก,6
ด้านบน,"['ด้านบน', 'ด้าน', 'ข้างบน', 'ช้านาน']",ด้านบน,21
ด้านล่าง,"['ด้านล่าง', 'ข้างล่าง']",ด้านล่าง,13
ด้านหน้า,['ด้านหน้า'],ด้านหน้า,18
ด้านหลัง,"['ข้างหลัง', 'ย้อนหลัง', 'ล้าหลัง']",ด้านหลัง,4
ด้าม,['ด้าม'],ด้าม,4
ด้ามจับ,['ด้ามจับ'],ด้ามจับ,3
ดาษ,['ดาษ'],ดาษ,4
ดำ,['ดำ'],ดำ,6
ดำเนินการ,['ดำเนินการ'],ดำเนินการ,8
ดิ,['ดิน'],ดิน,6
ดิน,['ดิน'],ดิน,741
ดินทราย,['หินทราย'],หินทราย,2
ดี,['ดี'],ดี,2
ดึก,['ดึก'],ดึก,2
ดึง,['ดึง'],ดึง,19
ดื่ม,['ดื่ม'],ดื่ม,2
ดุด,['ดุด'],ดุด,4
ดู,['ดู'],ดู,37
ดูแล,['ดูแล'],ดูแล,11
ดูงาน,['ดูงาน'],ดูงาน,11
ดูด,['ดูด'],ดูด,40
ตก,['ตก'],ตก,49
ตกแต่ง,['ตกแต่ง'],ตกแต่ง,2
ตกค้าง,['ตกค้าง'],ตกค้าง,2
ตกรอบ,"['กรอบ', 'ตีกรอบ', 'ตกขอบ']",กรอบ,7
ตกลง,['ตกลง'],ตกลง,2
ต๋ง,['แต่ง'],แต่ง,13
ตน,['ตน'],ตน,12
ต้น,['ต้น'],ต้น,3
ต้นไม้,['ต้นไม้'],ต้นไม้,8
ตรง,['ตรง'],ตรง,42
ตรงกัน,['ตรงกัน'],ตรงกัน,2
ตรงข้าม,['ตรงข้าม'],ตรงข้าม,3
ตรว,"['ตรวจ', 'ตัว', 'ตรง', 'ตรวจ', 'ตรา', 'ตรี', 'ติว', 'ตร', 'ตระ', 'ตรวน', 'ตรม', 'รว', 'ตริ', 'ตาว', 'ตรู', 'ตรุ', 'เรว', 'แรว', 'ตรำ', 'ตรวย', 'ตรัว', 'ตีว', 'ตวร', 'ตรก', 'ตไว', 'ตุว']",ตรวจ,2
ตรวจ,['ตรวจ'],ตรวจ,50
ตรวจวัด,"['ตรวจวัด', 'ตรวจจับ', 'ตำรวจวัง']",ตรวจวัด,88
ตรวจสอบ,['ตรวจสอบ'],ตรวจสอบ,238
ตราย,['ตราย'],ตราย,5
ตลอด,['ตลอด'],ตลอด,2
ตลอดเวลา,['ตลอดเวลา'],ตลอดเวลา,3
ต่อ,['ต่อ'],ต่อ,57
ต่อเติม,['ต่อตาม'],ต่อตาม,3
ต่อเนื่อง,['ต่อเนื่อง'],ต่อเนื่อง,6
ตอก,['ตอก'],ตอก,4
ต่อกัน,"['ตรงกัน', 'ก่อกวน', 'ตัดกัน', 'พอกัน']",ต่อกัน,2
ต้อง,['ต้อง'],ต้อง,19
ต้องตาม,['ต้องตา'],ต้องตา,2
ตอน,['ตอน'],ตอน,10
ต่อย,['ต่อย'],ต่อย,2
ต่อย,['ต่อ'],ต่อ,2
ต่อสาย,"['ต่อสาย', 'ต่อมา', 'ต่อสู้', 'ต่อย', 'ต่อตา', 'ต่าย', 'ต่ออายุ', 'ต่อตาม', 'ต่อปาก']",ต่อสาย,43
ต่อหน้า,['ต่อหน้า'],ต่อหน้า,2
ต่ออายุ,['ต่ออายุ'],ต่ออายุ,3
ตะ,['ตะ'],ตะ,4
ตะแกรง,['ตะแกรง'],ตะแกรง,14
ตะไคร่,['ตะไคร่'],ตะไคร่,2
ตะกร้า,['ตะกร้า'],ตะกร้า,4
ตะกอน,['ตะกอน'],ตะกอน,24
ตะขอ,['ตะขอ'],ตะขอ,4
ตะวันตก,['ตะวันตก'],ตะวันตก,2
ตะวันออก,['ตะวันออก'],ตะวันออก,2
ตั้,['ตั้ง'],ตั้ง,55
ตัก,['ตัก'],ตัก,2
ตักเตือน,['ตักเตือน'],ตักเตือน,2
ตัง,['ตั้ง'],ตั้ง,14
ตั่ง,['ตั้ง'],ตั้ง,11
ตั้ง,['ตั้ง'],ตั้ง,404
ตั้งแต่,['ตั้งแต่'],ตั้งแต่,2
ตั้งไฟ,['บั้งไฟ'],บั้งไฟ,2
ตั้งฉาก,['ตั้งฉาก'],ตั้งฉาก,2
ตั้งหน้า,['ตั้งหน้า'],ตั้งหน้า,40
ตั้งอยู่,['ตั้งอยู่'],ตั้งอยู่,2
ตัด,['ตัด'],ตัด,1507
ตัน,['ตัน'],ตัน,3
ตั้นั่ง,['ตั้นั่ง'],ตั้วนั่ง,2
ตัว,['ตัว'],ตัว,57
ตัวใหม่,['ตัวใหม่'],ตัวใหม่,11
ตัวนำ,['ตัวนำ'],ตัวนำ,3
ตัวหนังสือ,['ตัวหนังสือ'],ตัวหนังสือ,4
ตัวอย่าง,['ตัวอย่าง'],ตัวอย่าง,26
ตัวอักษร,['ตัวอักษร'],ตัวอักษร,3
ตา,['ตา'],ตา,8
ตาเดียว,['ตาเดียว'],ตาเดียว,2
ตาข่าย,['ตาข่าย'],ตาข่าย,12
ต่าง,['ต่าง'],ต่าง,20
ต่างกัน,"['ตรงกัน', 'ต่างแดน']",ตรงกัน,3
ต่างๆ,['ต่าง'],ต่าง ๆ,5
ต๊าบ,"['ตราบ', 'ต๊าย', 'ป๊าบ', 'ตาบ', 'จ๊าบ', 'ต๊าว', 'ต๊า', 'บ๊าบ', 'ก๊าบ', 'ต๊อบ']",สต๊าฟ,3
ต๊าฟ,"['ต๊าย', 'ต๊าว', 'ต๊า', 'สต๊าฟ']",สต๊าฟ,7
ตาม,['ตาม'],ตาม,32
ตามกฎหมาย,['ตามกฎหมาย'],ตามกฎหมาย,6
ตามจริง,"['ความจริง', 'สมจริง', 'ภาพจริง']",ความจริง,2
ตามที่,['ตามที'],ตามที,8
ตามปกติ,['ตามปกติ'],ตามปกติ,4
ตาย,['ตาย'],ตาย,4
ตำ,['ต่ำ'],ต่ำ,6
ต่ำ,['ต่ำ'],ต่ำ,6
ตำแหน่ง,['ตำแหน่ง'],ตำแหน่ง,20
ต่ำกว่า,['ต่ำกว่า'],ต่ำกว่า,4
ต่ำสุด,['ต่ำสุด'],ต่ำสุด,2
ติก,['ติก'],ติก,3
ติ๊ก,['ติ๊ก'],ติ๊ก,2
ติด,['ติด'],ติด,75
ติดไฟ,['ติดไฟ'],ติดไฟ,6
ติดกับ,"['ติดกับ', 'ติดตัว', 'ติดขัด', 'ตัดกัน', 'ติดพัน', 'ติดสัด', 'ตกับ']",ติดกับ,5
ติดต่อ,['ติดต่อ'],ติดต่อ,3
ติดตัง,"['ติดตั้ง', 'ติดตัว']",ติดตั้ง,2
ติดตั้ง,['ติดตั้ง'],ติดตั้ง,2850
ติดตาม,['ติดตาม'],ติดตาม,2
ติดป้าย,"['ปิดท้าย', 'ติดปาก', 'บิดซ้าย']",ติดป้าย,5
ติดลบ,['ติดลม'],ติดลม,2
ตี,['ตี'],ตี,8
ตี้ง,['ตี้ง'],ตั้ง,2
ตึก,['ตึก'],ตึก,26
ตุ้,['ตุ้'],ตู้,2
ตุก,['ตุก'],ตุก,2
ตู,['ตู'],ตู้,5
ตู,['ตู'],ตู,3
ตู้,['ตู้'],ตู้,100
ถ,"['รถ', 'ถู', 'ไถ', 'โถ', 'ถม', 'ถา', 'ถก', 'ถะ', 'ถุ', 'ถิ', 'ถี', 'ถึ', 'ถง', 'สถ', 'เถ', 'แถ', 'ถน', 'ตถ', 'บถ', 'ถด', 'ถอ', 'ถร', 'ถำ', 'ญถ', 'ปถ', 'ถบ', 'ถป', 'ถว']",รถ,2
ถนน,['ถนน'],ถนน,10
ถนัด,['ถนัด'],ถนัด,2
ถม,['ถม'],ถม,18
ถ้วน,['ถ้วน'],ถ้วน,20
ถอก,['ถอด'],ถอด,2
ถอด,['ถอด'],ถอด,865
ถอน,['ถอน'],ถอน,100
ถัง,['ถัง'],ถัง,234
ถังน้ำ,"['ถังน้ำ', 'ฟองน้ำ', 'ปันน้ำ', 'หัวน้ำ', 'ซัดน้ำ', 'แดงน้ำ']",ถังน้ำ,6
ถ้า,['ถ้า'],ถ้า,4
ถาด,['ถาด'],ถาด,24
ถ่าบ,"['ถ่าย', 'ถ่าน', 'ถ่าง', 'ถ่า', 'ถ่าม']",ถ่าย,3
ถาม,['ถาม'],ถาม,4
ถ่าย,['ถ่าย'],ถ่าย,11
ถ่ายภาพ,['ถ่ายภาพ'],ถ่ายภาพ,2
ถ่ายรูป,['ถ่ายรูป'],ถ่ายรูป,288
ถึง,['ถึง'],ถึง,6
ถือ,['ถือ'],ถือ,3
ถุก,['ถูก'],ถูก,12
ถุง,['ถุง'],ถุง,25
ถุงพลาสติก,['ถุงพลาสติก'],ถุงพลาสติก,6
ถุงมือ,['ถุงมือ'],ถุงมือ,41
ถูก,['ถูก'],ถูก,12
ถูกจุด,['ถูกจุด'],ถูกจุด,2
ถูกต้อง,['ถูกต้อง'],ถูกต้อง,3
ท,"['ทำ', 'ที', 'บท', 'ทา', 'ทน', 'ไท', 'โท', 'เท', 'ทะ', 'ทอ', 'ทิ', 'ทร', 'ทู', 'ทบ', 'ทุ', 'ทศ', 'ทย', 'ฤท', 'ทด', 'ทง', 'ทม', 'นท', 'รท', 'มท', 'ทส', 'ทก', 'ลท', 'แท', 'ทท', 'ทฤ', 'สท', 'กท', 'ทพ', 'ทึ', 'ทว', 'ยท', 'ปท', 'ชท', 'ทล', 'ทป', 'ดท', 'ทค', 'คท', 'อท', 'พท', 'จท', 'วท', 'ทฏ', 'ภท', 'ฉท', 'ใท', 'ผท', 'ศท', 'ษท']",ทำ,2
ทดแทน,['ทดแทน'],ทดแทน,8
ทดลอง,['ทดลอง'],ทดลอง,3
ทดสอบ,['ทดสอบ'],ทดสอบ,26
ทบทวน,['ทบทวน'],ทบทวน,2
ทรัพย์,['ทรัพย์'],ทรัพย์,5
ทรัพย์สิน,['ทรัพย์สิน'],ทรัพย์สิน,3
ทราบ,['ทราบ'],ทราบ,4
ทราย,['ทราย'],ทราย,26
ทริป,['ทริป'],ทริป,3
ทรุด,['ทรุด'],ทรุด,2
ทวน,['ทวน'],ทวน,2
ท่วม,['ท่วม'],ท่วม,2
ทอ,['ทอ'],ทอ,2
ท่อ,['ท่อ'],ท่อ,467
ท่อไอเสีย,['ท่อไอเสีย'],ท่อไอเสีย,8
ทอง,['ทอง'],ทอง,3
ทอง,['ท้อง'],ท้อง,3
ท้อง,['ท้อง'],ท้อง,3
ทองเหลือง,['ทองเหลือง'],ทองเหลือง,2
ทองแดง,['ทองแดง'],ทองแดง,2
ท้อน,['ท้อน'],ท้อน,2
ท่อน้ำ,['ท่อน้ำ'],ท่อน้ำ,2
ท่อระบายน้ำ,['ท่อระบายน้ำ'],ท่อระบายน้ำ,2
ทั้ง,['ทั้ง'],ทั้ง,8
ทั้งสอง,['ทั้งผอง'],ทั้งผอง,2
ทั้งหมด,['ทั้งหมด'],ทั้งหมด,2
ทัน,['ทัน'],ทัน,3
ทันที,['ทันที'],ทันที,2
ทับ,['ทับ'],ทับ,2
ทับซ้อน,['ทับซ้อน'],ทับซ้อน,5
ทั่ว,['ทั่ว'],ทั่ว,3
ทั่วไป,['ทั่วไป'],ทั่วไป,108
ทา,['ทำ'],ทำ,3
ทา,['ทา'],ทา,2
ท่า,['ท่า'],ท่า,4
ท้า,['ท้า'],ท้า,2
ทํา,"['ทำ', 'ท่า', 'ทา', 'ทรา', 'ท้า', 'ทยา', 'ทนา', 'ทวา', 'ทมา', 'ทศา', 'ทหา']",ทํา,242
ทาง,['ทาง'],ทาง,24
ทางเข้า,['ทางเข้า'],ทางเข้า,8
ทางเดิน,['ทางเดิน'],ทางเดิน,18
ทางขึ้น,"['ทางขึ้น', 'ข้างขึ้น', 'ท้องขึ้น', 'ฟังขึ้น']",ทางขึ้น,14
ทางลง,"['ทาง', 'ทางหลวง', 'ทางใน', 'กาหลง', 'ทางค์', 'ยางลบ', 'ทาล', 'ลางลิง', 'ทางค']",ทาง,2
ทางออก,['ทางออก'],ทางออก,4
ท่าทาง,['ท่าทาง'],ท่าทาง,2
ทาน,['ทาน'],ทาน,10
ท้าย,['ท้าย'],ท้าย,50
ทาส,['ทาสี'],ทาสี,5
ทาสี,['ทาสี'],ทาสี,460
ทำ,['ทำ'],ทำ,256
ทำเป็น,['ทำเป็น'],ทำเป็น,2
ทำให้,['ทำให้'],ทำให้,43
ทำให้เกิด,['ทำให้เกิด'],ทำให้เกิด,6
ทำการ,['ทำการ'],ทำการ,77
ทำความ,"['ความ', 'ตีความ', 'บทความ', 'หาความ', 'ใจความ', 'พลความ', 'สความ', 'เสความ']",ทำความ,2
ทำความสะอาด,['ทำความสะอาด'],ทำความสะอาด,44
ทำงาน,['ทำงาน'],ทำงาน,139
ทำต่อ,"['ต่อ', 'ท่อ', 'ทำท่า', 'ทำตัว', 'ทำตา', 'ทื่อ', 'คำย่อ', 'เต่อ', 'คอต่อ', 'จต่อ', 'ลต่อ', 'ตต่อ']",ทำต่อ,2
ทำตัว,['ทำตัว'],ทำตัว,2
ทำบุญ,['ทำบุญ'],ทำบุญ,2
ทำรัง,"['กำลัง', 'ทรง', 'ดำรง', 'ทำนอง', 'รัง', 'บำรุง', 'ทำตัว', 'สำรอง', 'ลำพัง', 'ตำรับ', 'ตรัง', 'ธำรง', 'ทรวง', 'ทำหนัง', 'สำรับ', 'ทัง', 'ทรัย', 'ดำรัส', 'กำบัง', 'ทดรอง', 'จีรัง', 'ทำครัว', 'ทำฟัน', 'จำรัส', 'ฟรัง', 'ตะรัง', 'กรัง', 'ทรัพ', 'ทราง', 'ทรัล', 'ยะรัง', 'ทอรัส', 'อำรุง', 'ทรัม', 'กะรัง', 'ทรัฟ', 'ปรัง', 'ฝรัง', 'ครัง', 'จำบัง', 'ทำลิง', 'ทรับ', 'ทรัส', 'สปรัง', 'หรัง']",กำลัง,2
ทิง,['ทิ้ง'],ทิ้ง,2
ทิ้ง,['ทิ้ง'],ทิ้ง,27
ทินเนอร์,['ทินเนอร์'],ทินเนอร์,5
ทิศใต้,['ทิศใต้'],ทิศใต้,2
ทิศตะวันตก,['ทิศตะวันตก'],ทิศตะวันตก,2
ทิศทาง,['ทิศทาง'],ทิศทาง,3
ที,['ที่'],ที่,6
ที,['ที'],ที,5
ที่,['ที่'],ที่,557
ที่เก็บ,['ที่เก็บ'],ที่เก็บ,9
ที่เกิด,['ที่เกิด'],ที่เกิด,2
ที่แล้ว,['ที่แล้ว'],ที่แล้ว,2
ที่จะ,"['ที่จะ', 'ที่', 'ที่มา', 'ทีละ', 'ที่นา', 'ท่ะ', 'ที่่', 'ที่ม', 'ที่ฮ', 'ทีจ']",ที่จะ,10
ที่ทำงาน,['ที่ทำการ'],ที่ทำการ,21
ทีม,['ทีม'],ทีม,10
ทีมงาน,['ทีมงาน'],ทีมงาน,23
ที่มา,['ที่มา'],ที่มา,7
ทีละ,['ทีละ'],ทีละ,3
ที่วัด,['ที่วัด'],ที่วัด,3
ที่สูง,"['ที่สูง', 'ที่สุด', 'ที่ทาง', 'ใฝ่สูง']",ที่สูง,25
ที่อยู่,['ที่อยู่'],ที่อยู่,5
ทุก,['ทุก'],ทุก,10
ทุกคน,"['ทุกคน', 'ทุกหน']",ทุกคน,2
ทุกครั้ง,['ทุกครั้ง'],ทุกครั้ง,2
ทุกครั้งที่,['ทุกครั้งที่'],ทุกครั้งที่,2
ทุกๆ,"['ทุก ๆ', 'ทุก', 'ทุกข']",ทุก ๆ,2
ทุน,['ทุ่น'],ทุ่น,10
ทุ่น,['ทุ่น'],ทุ่น,10
ทุ้น,['ทุ่น'],ทุ่น,10
ทุ๊น,['ทุ่น'],ทุ่น,10
ทุ่นลอยน้ำ,['ทุ่นลอยน้ำ'],ทุ่นลอยน้ำ,6
ธง,['ธง'],ธง,6
ธรรมดา,['ธรรมดา'],ธรรมดา,2
ธี,['ธี'],ธี,4
ธุรกิจ,['ธุรกิจ'],ธุรกิจ,5
นก,['นก'],นก,4
นข,['นข'],ขา,15
นขา,['ขา'],ขา,3
น้ง,['นั่ง'],นั่ง,2
นม,['นม'],นม,2
นวณ,['นวณ'],นวณ,6
นวณ,['นวณ'],นวณ,4
นวน,['นวน'],นวน,5
นวน,['นวณ'],นวณ,4
นอ,['นอ'],นอก,3
นอก,['นอก'],นอก,17
น้อง,['น้อง'],น้อง,7
น้อต,"['น็อต', 'น้อย', 'น้อง', 'น้อม', 'น็อต', 'นอต', 'น้อ', 'น้อน', 'ช้อต', 'น้อบ']",น็อต,2
น๊อต,"['น็อต', 'น้อย', 'น้อง', 'น้อม', 'น็อต', 'นอต', 'น้อ', 'น้อน', 'ช้อต', 'น้อบ']",น็อต,9
น็อต,"['น็อต', 'น้อย', 'น้อง', 'น้อม', 'น็อต', 'นอต', 'น้อ', 'น้อน', 'ช้อต', 'น้อบ']",น็อต,16
นอน,"['น็อต', 'น้อย', 'น้อง', 'น้อม', 'น็อต', 'นอต', 'น้อ', 'น้อน', 'ช้อต', 'น้อบ']",น็อต,5
น้อยกว่า,['น้อยกว่า'],น้อยกว่า,3
น้อยกว่า,['น้อยกว่า'],น้อยกว่า,2
นัง,['นั่ง'],นั่ง,70
นั่ง,['นั่ง'],นั่ง,59
นั้ง,['นั้ง'],นั่ง,100
น่ัง,"['นั่ง', 'นัง', 'น่อง', 'น่าง', 'น่ง']",นั่ง,6
นั่งร้าน,['นั่งร้าน'],นั่งร้าน,2719
นั้น,['นั้น'],นั้น,9
นั้นๆ,['นั้น ๆ'],นั้น ๆ,2
นัั่ง,['นั่ง'],นั่ง,3
น้า,['น้า'],น้ำ,2
น้้า,"['น้า', 'น้าา', 'นห้า']",น้ำ,2
นํ้า,"['น้า', 'นห้า']",น้ำ,128
นาน,['นาน'],นาน,2
นาบ,['นาบ'],นาบ,5
นำ,['นำ'],นำ,473
นำ้,"['น้ำ', 'นี้', 'นำ', 'นู้']",น้ำ,2
น้ำ,['น้ำ'],น้ำ,126
น้ำ,['น้ำ'],น้ำ,20
น้ำ,['น้ำ'],น้ำ,2
น้ำ,['น้ำ'],น้ำ,2
น้้ำ,['น้ำ'],น้ำ,3
น้ำเงิน,['น้ำเงิน'],น้ำเงิน,2
น้ำเสีย,['น้ำเสียง'],น้ำเสียง,2
น้ำแข็ง,['น้ำแข็ง'],น้ำแข็ง,2
น้ำใต้ดิน,['น้ำใต้ดิน'],น้ำใต้ดิน,3
นำไปใช้,['นำไปใช้'],นำไปใช้,2
น้ำดื่ม,['น้ำดื่ม'],น้ำดื่ม,6
น้ำท่วม,['น้ำท่วม'],น้ำท่วม,3
น้ำทิ้ง,"['น้ำทิ้ง', 'น้ำผึ้ง', 'น้ำจิ้ม', 'น้ำทรง']",น้ำทิ้ง,13
น้ำฝน,['น้ำวน'],น้ำวน,2
น้ำมัน,['น้ำมัน'],น้ำมัน,40
น้ำมันเครื่อง,['น้ำมันเครื่อง'],น้ำมันเครื่อง,3
นำมา,"['นำมา', 'นำพา']",นำมา,12
นำมาใช้,['นำมาใช้'],นำมาใช้,6
น้ำยา,['น้ำยา'],น้ำยา,30
น้ำยาล้างจาน,['น้ำยาล้างจาน'],น้ำยาล้างจาน,3
น้ำหนัก,['น้ำหนัก'],น้ำหนัก,25
น้ำหอม,['น้ำหอม'],น้ำหอม,2
นิด,['นิด'],นิด,10
นิรภัย,['นิรภัย'],นิรภัย,4
นิ้ว,['นิ้ว'],นิ้ว,2
นี้,['นี้'],นี้,2
นี้งร้าน,['นั่งร้าน'],นั่งร้าน,1
นุ,['นุ'],นุ,2
บ,"['พบ', 'บน', 'ใบ', 'บท', 'จบ', 'บา', 'ลบ', 'บี', 'สบ', 'รบ', 'คบ', 'งบ', 'ตบ', 'บ่', 'โบ', 'บก', 'บู', 'บุ', 'อบ', 'เบ', 'กบ', 'ไบ', 'บิ', 'ทบ', 'บะ', 'บด', 'บอ', 'แบ', 'ซบ', 'ขบ', 'บบ', 'บล', 'บง', 'บร', 'บำ', 'บม', 'นบ', 'ดบ', 'ยบ', 'บถ', 'ชบ', 'มบ', 'หบ', 'บช', 'บส', 'วบ', 'บญ', 'บค', 'ผบ', 'ปบ', 'บต', 'ญบ', 'ฉบ', 'บศ', 'ภบ', 'บจ', 'ษบ', 'ฝบ', 'ถบ', 'บึ', 'ธบ']",พบ,2
บ่,['บ่อ'],บ่อ,3
บ่ง,['บ่ง'],บ่ง,2
บ่งชี้,['บ่งชี้'],บ่งชี้,3
บด,['บด'],บด,211
บน,['บน'],บน,282
บบ,['บบ'],บบ,5
บรร,['บรร'],บรร,5
บรรจุ,['บรรจุ'],บรรจุ,2
บรรทุก,['บรรทุก'],บรรทุก,36
บราง,"['บาง', 'บ้าง', 'ราง', 'คราง', 'บรา', 'พราง', 'ปราง', 'บ่าง', 'บราว', 'ทราง', 'วราง', 'สราง', 'บราม', 'บลาง', 'บ๊าง', 'ตราง', 'ศราง', 'บราน', 'บราส']",บาง,4
บริ,['บริ'],บริ,2
บริเวณ,['บริเวณ'],บริเวณ,571
บริษัท,['บริษัท'],บริษัท,7
บล็อก,['บล็อก'],บล็อก,2
บวน,['บวน'],บวน,2
บ่อ,['บ่อ'],บ่อ,113
บอเนต,['บอเนต'],บอเนต,3
บอก,['บอก'],บอก,7
บอก,['บอก'],บอก,4
บอน,['บอน'],บอน,5
บ่อย,['บ่อย'],บ่อย,5
บะ,['บะ'],บะ,3
บัง,['บัง'],บัง,2
บังคับ,['บังคับ'],บังคับ,3
บังหน้า,['บังหน้า'],บังหน้า,2
บัด,['บัด'],บัด,4
บัตร,['บัตร'],บัตร,4
บัน,['บัน'],บัน,2
บันใด,['บันได'],บันได,2
บันได,['บันได'],บันได,50
บันได,['บันได'],บันได,49
บันไดลิง,['บันไดลิง'],บันไดลิง,10
บัว,['บัว'],บัว,2
บัส,['บัส'],บัส,4
บาง,['บาง'],บาง,5
บาง,['บาง'],บาง,5
บางครั้ง,['บางครั้ง'],บางครั้ง,4
บางส่วน,['ทางด่วน'],ทางด่วน,2
บาด,['บาด'],บาด,8
บาดเจ็บ,['บาดเจ็บ'],บาดเจ็บ,5
บาท,['บาท'],บาท,5
บาน,['บาน'],บาน,3
บานพับ,['บานพับ'],บานพับ,2
บาย,['บาย'],บาย,11
บ่าย,['บ่าย'],บ่าย,4
บำรุง,['บำรุง'],บำรุง,4
บิด,['บิด'],บิด,2
บี,['บิด'],บิด,2
บุ,['บุ'],บุ,2
บุญ,['บุญ'],บุญ,5
ป,"['ไป', 'ปี', 'ปา', 'ปู', 'ปน', 'ปก', 'ปะ', 'โป', 'ปิ', 'ปม', 'ปอ', 'เป', 'ปร', 'ปุ', 'แป', 'ปง', 'อป', 'ปด', 'สป', 'ปต', 'ลป', 'ปฏ', 'รป', 'ใป', 'ปฤ', 'ปล', 'ปป', 'ปท', 'ยป', 'ดป', 'ทป', 'ตป', 'ปฐ', 'ธป', 'ปำ', 'ปจ', 'ปบ', 'ปณ', 'ปญ', 'ฑป', 'ปช', 'ปถ', 'ปส', 'ปค', 'ปึ', 'ถป', 'วป', 'ปพ']",ไป,16
ปกติ,['ปกติ'],ปกติ,6
ปกติ,['ปกติ'],ปกติ,5
ปกรณ์,['อุปกรณ์'],กรณ์,6
ปข,['ปก'],ปก,5
ปค,['ปค'],ปก,5
ปฎิบัติ,['ปฏิบัติ'],ปฏิบัติ,12
ปฏิบัติ,['ปฏิบัติ'],ปฏิบัติ,4
ปฏิบัติงาน,['ปฏิบัติงาน'],ปฏิบัติงาน,85
ปฐม,['ปฐม'],ปฐม,2
ปฐมพยาบาล,['ปฐมพยาบาล'],ปฐมพยาบาล,2
ปรก,['ปกติ'],ปก,7
ประ,['ประ'],ประ,24
ประเภท,['ประเภท'],ประเภท,10
ประเมิน,['ประเมิน'],ประเมิน,21
ประแจ,['ประแจ'],ประแจ,16
ประกอบ,['ประกอบ'],ประกอบ,1413
ประกอบการ,['ประกอบการ'],ประกอบการ,5
ประกันภัย,['ประกันภัย'],ประกันภัย,2
ประกายไฟ,['ประกายไฟ],ประกายไฟ,2
ประคอง,['ประคอง'],ประคอง,2
ประจำ,['ประจำ'],ประจำ,3
ประจำเดือน,['ประจำเดือน'],ประจำเดือน,4
ประจำปี,['ประจำ'],ประจำ,3
ประตู,['ประตู'],ประตู,20
ประตูรั้ว,['ประตูรั้ว'],ประตูรั้ว,2
ประมาณ,['ประมาณ'],ประมาณ,22
ปรับ,['ปรับ'],ปรับ,199
ปรับปรุง,['ปรับปรุง'],ปรับปรุง,2
ปรับพื้น,['ปรับพื้น'],ปรับพื้น,3
ปรับระดับ,['ปรับระดับ'],ปรับระดับ,93
ปรากฏ,['ปรากฏ'],ปรากฏ,2
ปริมาณ,['ปริมาณ'],ปริมาณ,2
ปรุง,['ปรุง'],ปรุง,2
ปลด,['ปลด'],ปลด,17
ปลอก,['ปลอก'],ปลอก,2
ปล่อง,['ปล่อง'],ปล่อง,43
ปลอด,['ปลอด'],ปลอด,6
ปลอดภัย,['ปลอดภัย'],ปลอดภัย,9
ปล่อย,['ปล่อย'],ปล่อย,2
ปลั๊กไฟ,['ปลั๊กไฟ'],ปลั๊กไฟ,3
ปลา,['ปลาย'],ปลาย,5
ปลาย,['ปลาย'],ปลาย,7
ปลิว,['ปลิว'],ปลิว,3
ป้อง,['ป้อง'],ป้อง,2
ป๋อง,['ป๋อง'],ป๋อง,6
ป้องกัน,['ป้องกัน'],ป้องกัน,38
ปัก,['ปัด'],ปัด,3
ปัจจุบัน,['ปัจจุบัน'],ปัจจุบัน,3
ปัญหา,['ปัญหา'],ปัญหา,5
ปัด,['ปัด'],ปัด,20
ปั่น,['ปั่น'],ปั่น,3
ปั่น,['ปั่น'],ปั้น,3
ปั้น,['ปั้น'],ปั้น,5
ปั่นไฟ,['ปั่นไฟ'],ปั่นไฟ,4
ปั้นจั่น,['ปั้นจั่น'],ปั้นจั่น,4
ปั้นจั่น,['ปั้นจั่น'],ปั้นจั่น,3
ปั้ม,['ปั๊ม'],ปั๊ม,5
ปาก,['ปาก'],ปาก,6
ปาด,['ปาด'],ปาด,3
ป่าย,['ป่าย'],ป่าย,4
ป้าย,['ป้าย'],ป้าย,36
ป้าย,['ป้าย'],ป้าย,5
ป่าว,['ป่าว'],ป่าว,2
ปิด,['ปิด'],ปิด,51
ปิดกั้น,['ปิดกั้น'],ปิดกั้น,20
ปิดงาน,"['ปิดงาน', 'จัดงาน', 'ปิดปาก', 'ปิดตาย', 'ปิดใน']",ปิดงาน,3
ปิดล้อม,"['ปิดล้อม', 'แวดล้อม']",ปิดล้อม,58
ปี,['ปีน'],ปีน,4
ปีน,['ปีน'],ปีน,13
ปีนป่าย,['ปีนป่าย'],ปีนป่าย,3
ปุ,['ปุก'],ปุก,2
ปุก,['ปุก'],ปุก,3
ปุ่ม,['ปุ่ม'],ปุ่ม,7
ปู,['ปู'],ปู,79
ปูน,['ปูน'],ปูน,447
ปูพื้น,['ปูพื้น'],ปูพื้น,2
ผนัง,['ผนัง'],ผนัง,284
ผล,['ผล'],ผล,5
ผลกระทบ,['ผลกระทบ'],ผลกระทบ,2
ผลงาน,['ผลงาน'],ผลงาน,5
ผลัก,['ผลัก'],ผลัก,6
ผลิ,['ผลิต'],ผลิต,5
ผลิด,['ผลิด'],ผลิต,7
ผลิต,['ผลิต'],ผลิต,2
ผสม,['ผสม'],ผสม,5
ผัส,['ผัส'],ผัส,5
ผ่า,['ผ่า'],ผ่า,4
ผ้า,['ผ้า'],ผ้า,57
ผ้า,['ผ้า'],ผ้า,5
ผ้าใบ,['ผ้าใบ'],ผ้าใบ,45
ผ่าน,['ผ่าน'],ผ่าน,35
ผ่าน,['ผ่าน'],ผ่าน,2
ผิ,['ผิด'],ผิด,77
ผิด,['ผิด'],ผิด,10
ผิด,['ผิด'],ผิด,9
ผิดปกติ,['ผิดปกติ'],ผิดปกติ,7
ผิว,['ผิว'],ผิว,183
ผึ้ง,['ผึ้ง'],ผึ้ง,4
ผุ,['ผุ'],ผุ,2
ผุกร่อน,['ผุกร่อน'],ผุกร่อน,2
ผู่,['ผู้'],ผู้,40
ผู้,['ผู้'],ผู้,40
ผู้แสดง,['ผู้แสดง'],ผู้แสดง,3
ผูก,['ผูก'],ผูก,295
ผูกมัด,['ผูกมัด'],ผูกมัด,18
ผู้ควบคุม,['ผู้ควบคุม'],ผู้ควบคุม,2
ผู้ช่วย,['ผู้ช่วย'],ผู้ช่วย,7
ผู้ตรวจ,['ผู้ตรวจ'],ผู้ตรวจ,2
ผู้ปฏิบัติงาน,['ผู้ปฏิบัติงาน'],ผู้ปฏิบัติงาน,119
ผู้รับเหมา,['ผู้รับเหมา'],ผู้รับเหมา,4
ผู้รับผิดชอบ,['ผู้รับผิดชอบ'],ผู้รับผิดชอบ,2
ผู้หญิง,['ผู้หญิง'],ผู้หญิง,3
ฝน,['ฝน'],ฝน,2
ฝนตก,"['ฝนตก', 'นัก', 'นอก', 'ตก', 'นึก', 'หนัก', 'นก', 'ฝน', 'ฝึก', 'สนุก', 'แตก', 'ฝาก', 'นรก', 'ผนวก', 'นาก', 'นิก', 'วิตก', 'เนตร', 'ยนต์', 'มนต์', 'ฝัก', 'ผนึก', 'พนัก', 'ชนก', 'กนก', 'เนก', 'สนิก', 'เนต', 'เนติ', 'คอตก', 'ทนต์', 'หนอก', 'ภนต์', 'นุก', 'ชนัก', 'เน็ก', 'นต', 'แนต', 'โตก', 'หนุก', 'ฉนาก', 'หนวก', 'ขนาก', 'รนต์', 'หนก', 'ไนต์', 'เนต์', 'แนก', 'เนติก', 'หนึก', 'ธนิก', 'นีก', 'ขนูก', 'ฝีก', 'สโตก', 'เตก', 'จนก', 'แน็ก', 'อันตก', 'มนต', 'มนัก', 'นต์', 'เน้ก', 'หาตก', 'สเตก', 'สนึก', 'ตแตก', 'ฝก', 'ในต์ก', 'พนวก', 'สนัก', 'คนต', 'ผนก', 'โนก', 'ปนิก', 'ฝูก']",ฝนตก,6
ฝัก,['ฝัก'],ฝัก,2
ฝักบัว,['ฝักบัว'],ฝักบัว,2
ฝัง,['ฝัง'],ฝัง,5
ฝั่ง,['ฝั่ง'],ฝั่ง,11
ฝา,['ฝา'],ฝา,147
ฝาครอบ,"['ฝาครอบ', 'ครอบ']",ฝาครอบ,2
ฝุ่น,['ฝุ่น'],ฝุ่น,8
พนักงาน,['พนักงาน'],พนักงาน,8
พบ,['พบ'],พบ,137
พบเห็น,"['พบเห็น', 'เห็น', 'อีเห็น']",พบเห็น,4
พยาบาล,['พยาบาล'],พยาบาล,3
พร้อม,['พร้อม'],พร้อม,7
พร้อมกัน,['พร้อมกับ'],พร้อมกับ,8
พร้อมทั้ง,['พร้อมทั้ง'],พร้อมทั้ง,2
พลัดตก,"['พลัดตก', 'พลัด', 'พลั่ก', 'พลัก']",พลัดตก,5
พลาส,['พลาส'],พลาส,5
พลาสติก,['พลาสติก'],พลาสติก,8
พอ,['พอ'],พอ,2
พัก,['พัก'],พัก,17
พัง,['พัง'],พัง,3
พัด,['พัด'],พัด,30
พัดลม,['พัดลม'],พัดลม,24
พัดลมระบายอากาศ,['พัดลมระบายอากาศ'],พัดลมระบายอากาศ,3
พัน,['พัน'],พัน,12
พับ,['พับ'],พับ,3
พา,['พา'],พา,18
พาด,['พาด'],พาด,21
พาน,['พาน'],พาน,2
พาหนะ,['พาหนะ'],พาหนะ,4
พาหะ,['พาหะ'],พาหะ,2
พิกัด,['พิกัด'],พิกัด,3
พิง,['พิง'],พิง,2
พิจารณา,['พิจารณา'],พิจารณา,2
พิวเตอร์,['พิวเตอร์'],พิวเตอร์,4
พิษ,['พิษ'],พิษ,2
พี่,['พี่'],พี่,3
พืช,['พืช'],พืช,3
พืน,['พื้น'],พื้น,5
พื่น,['พื้น'],พื้น,2
พื้น,['พื้น'],พื้น,70
พื้นคอนกรีต,['พื้นคอนกรีต'],พื้นคอนกรีต,23
พื้นดิน,['พื้นดิน'],พื้นดิน,2
พื้นที่,['พื้นที่'],พื้นที่,655
พื้นผิว,['พื้นผิว'],พื้นผิว,22
พุก,['พุก'],พุก,5
พุ่ง,['พุ่ง'],พุ่ง,2
พุด,['พูด'],พูด,3
พูดคุย,['พูดคุย'],พูดคุย,2
ฟ้,"['ฟ้า', 'ฟู', 'ฟา', 'ฟี', 'ฟิ', 'ฟอ', 'ฟะ', 'ฟุ', 'ฟก', 'ฟง', 'ฟ้ง', 'ฟ้อ', 'ฟม', 'ใฟ้', 'ฟต', 'ฟฎ', 'ฟี้', 'ฟด', 'ฟ้น', 'ฟล', 'โฟ้', 'ไฟ้', 'ฟจ', 'ฟู้', 'ฟน']",ฟ้า,2
ฟ้า,['ฟ้า'],ฟ้า,4
ฟาง,['ฟาง'],ฟาง,3
ฟ้าผ่า,['ฟ้าผ่า'],ฟ้าผ่า,3
ฟุ้ง,['ฟุ้ง'],ฟุ้ง,6
ฟุ้งกระจาย,['ฟุ้งกระจาย'],ฟุ้งกระจาย,5
ฟุต,['ฟุต'],ฟุต,2
ฟุตบาท,['ฟุตบาท'],ฟุตบาท,2
ภอด,"['ยอด', 'จอด', 'อด', 'ทอด', 'รอด', 'กอด', 'ถอด', 'ปอด', 'สอด', 'ลอด', 'แอด', 'ออด', 'มอด', 'บอด', 'ขอด', 'ฉอด', 'ตอด', 'คอด', 'วอด', 'โอด', 'ดอด', 'ซอด', 'พอด', 'ฟอด', 'ฮอด', 'เอด', 'นอด', 'ภอ', 'งอด', 'ผอด', 'ชอด']",ยอด,3
ภัย,['ภัย'],ภัย,6
ภาชนะ,['ภาชนะ'],ภาชนะ,2
ภาพ,['ภาพ'],ภาพ,5
ภายใน,['ภายใน'],ภายใน,47
ภายนอก,['ภายนอก'],ภายนอก,23
มอเตอร์,['มอเตอร์'],มอเตอร์,97
มอง,['มอง'],มอง,4
มองเห็น,['มองเห็น'],มองเห็น,4
มองไม่เห็น,['มองไม่เห็น'],มองไม่เห็น,2
มะลอ,['มะลอ'],มะลอ,2
มัด,['มัด'],มัด,8
มัน,['มัน'],มัน,3
มั่น,['มั่น'],มั่น,4
มั่นคง,['มั่นคง'],มั่นคง,3
มั่นคงแข็งแรง,['มั่นคงแข็งแรง'],มั่นคงแข็งแรง,2
มา,['มา'],มา,92
มาก,['มาก'],มาก,6
มากเกินไป,['มากเกินไป'],มากเกินไป,3
มากกว่า,"['มากกว่า', 'หากว่า', 'มาตรว่า']",มากกว่า,14
มากขึ้น,"['มากขึ้น', 'มือขึ้น']",มากขึ้น,2
มาจาก,"['มาจาก', 'จาก', 'มาก', 'วาจา', 'มาร์ก', 'มาลา', 'มายา', 'มาดา', 'มาดาม', 'มาตา', 'มาติก', 'ยาจก', 'มายากล', 'ตีจาก', 'กาฝาก', 'นกจาก', 'วาจก', 'อาจาด', 'อาจาร', 'มมาก', 'มาจ', 'ม้าก', 'มาสก', 'มลาก', 'มาจจ์', 'มาปก', 'สจาก', 'มาแขก', 'มายากร', 'มราก']",มาจาก,10
มาณ,['มาณ'],มาณ,2
มาตร,['มาตร'],มาตร,2
มาตรการ,['มาตรการ'],มาตรการ,37
มาตรการป้องกัน,['มาตรการป้องกัน'],มาตรการป้องกัน,8
มาตรฐาน,['มาตรฐาน'],มาตรฐาน,4
มาถ,['มาตร'],มารถ,5
ม่าน,['ม่าน'],ม่าน,3
มาบ,['มาบตาพุต'],มาบตาพุต,3
มายัง,['มายัง'],มายัง,2
มารถ,['มารถ'],มารถ,5
มิเตอร์,['มิเตอร์'],มิเตอร์,2
มิดชิด,['มิดชิด'],มิดชิด,5
มี,['มี'],มี,698
มีโอกาส,['โอกาส'],โอกาส,16
มีค่า,['มีค่า'],มีค่า,3
มีปัญหา,"['มีปัญหา', 'ขบปัญหา']",มีปัญหา,6
มีผลกระทบ,"['มีผลกระทบ', 'ผลกระทบ']",มีผลกระทบ,2
มีพิษ,['มีพิษ'],มีพิษ,4
มีส่วน,['มีส่วน'],มีส่วน,3
มืด,['มืด'],มืด,2
มือ,['มือ'],มือ,10
มือชื่อ,['มือชื่อ'],มือชื่อ,10
มือถือ,"['มือถือ', 'มือปืน', 'มือเสือ', 'มือมืด']",มือถือ,2
มือวัด,['มือวัด'],มือวัด,2
มุม,['มุม'],มุม,4
มูล,['มูล'],มูล,2
ยก,['ยก'],ยก,1229
ยกเครื่อง,['ยกเครื่อง'],ยกเครื่อง,6
ยกเลิก,['ยกเลิก'],ยกเลิก,2
่ยน,"['โยน', 'ย่น', 'เยน', 'ยน', 'แยน']",โยน,2
ยนต์,['ยนต์'],ยนต์,19
ยะ,['ยะ'],ยะ,2
ยัง,['ยัง'],ยัง,45
ยังมี,"['ยังมี', 'ยัง', 'ยังไง', 'ยังคง', 'รังสี', 'รัศมี', 'ยังชีพ', 'ยังงี้', 'มั่งมี', 'ยัม', 'ยักษี', 'ยังค์', 'ยังก์', 'มังสี']",ยังมี,3
ยัด,['ตัด'],ตัด,2
ยัน,['ยัน'],ยัน,2
ยา,['ย้าย'],ย้าย,127
ยาก,['ยาก'],ยาก,3
ยาง,['ยาง'],ยาง,5
ยาน,['ยาน'],ยาน,2
ยาน,['ย้าย'],ย้าย,2
ย้าน,['ย้าย'],ย้าย,18
ยานพาหนะ,['ยานพาหนะ'],ยานพาหนะ,2
ยาย,['ยาย'],ย้าย,3
ย้าย,['ย้าย'],ย้าย,97
ย้า่ย,['ย้าย'],ย้าย,2
ย้ายออก,['ย้ายออก'],ย้ายออก,3
ยาว,['ยาว'],ยาว,3
ย้ำ,['ย้ำ'],ย้ำ,2
ยิง,['ยิง'],ยิง,159
ยึด,['ยึด'],ยึด,24
ยืด,['ยืด'],ยืด,2
ยืน,['ยืน'],ยืน,49
ยื่น,['ยื่น'],ยื่น,6
ยืนยัน,['ยืนยัน'],ยืนยัน,2
ยืม,['ยืม'],ยืม,2
ยุบ,['ยุบ'],ยุบ,2
ยู,['ยูโร'],ยูโร,2
ยูโร,['ยูโร'],ยูโร,5
ร,"['รถ', 'รอ', 'รา', 'ระ', 'รึ', 'โร', 'รี', 'รส', 'ริ', 'กร', 'พร', 'เร', 'รู', 'ไร', 'รบ', 'อร', 'วร', 'รำ', 'ทร', 'รก', 'รด', 'สร', 'รุ', 'ธร', 'ศร', 'รม', 'รณ', 'ปร', 'จร', 'นร', 'ตร', 'รง', 'มร', 'คร', 'รน', 'รย', 'ษร', 'ดร', 'รพ', 'แร', 'รท', 'ฏร', 'หร', 'รว', 'บร', 'รต', 'ภร', 'รค', 'ชร', 'รร', 'รศ', 'ใร', 'รช', 'ขร', 'รป', 'รจ', 'รฐ', 'ฎร', 'รภ', 'ฃร', 'ถร', 'รห', 'ยร', 'รล', 'ฑร', 'รญ']",รถ,9
รณ,['อุปกรณ์'],กรณ์,32
รณ,['กรณ์'],กรณ์,20
รด,['รด'],รด,2
รถ,['รถ'],รถ,527
รถเข็น,['รถเข็น'],รถเข็น,8
รถกระบะ,['รถกระบะ'],รถกระบะ,3
รถขนขยะ,['รถขนขยะ'],รถขนขยะ,3
รถขนของ,['รถขนของ'],รถขนของ,5
รถจักรยาน,['รถจักรยาน'],รถจักรยาน,3
รถตู้,"['รถตู้', 'รู้', 'ตู้', 'ระตู']",รถตู้,3
รถบรรทุก,['รถบรรทุก'],รถบรรทุก,26
รถบัส,"['รถบัส', 'รหัส', 'บัส', 'รัส', 'ระบัด', 'บรัส', 'รโบส', 'รบัฏ']",รถบัส,2
รถยนต์,['รถยนต์'],รถยนต์,6
รท,['รถยนต์'],รถยนต์,5
รท,['รถยนต์'],รถยนต์,2
รน,['กรณ์'],กรณ์,7
รป,['รูป'],รูป,4
รม,['รม'],รม,20
ร่ม,['ร่ม'],ร่ม,3
รร,['กรณ์'],กรณ์,10
รล,['กรณ์'],กรณ์,10
ร่วง,['ร่วง'],ร่วง,2
ร่วงหล่น,['ร่วงหล่น'],ร่วงหล่น,3
รวจ,['รวจ'],รวจ,50
ร่วม,['ร่วม'],ร่วม,3
รวมกัน,"['รวมกัน', 'รวมตัว', 'รวมหัว', 'รามัน', 'วกัน', 'รมัน', 'วมัน']",รวมกัน,4
ร่วมกับ,['ราวกับ'],ร่วมกับ,15
รวล,['รวจ'],รวจ,50
รหัส,['รหัส'],รหัส,2
รอ,['รอ'],รอ,17
รอก,['รอก'],รอก,41
รอง,['รอง'],รอง,42
ร่อง,['ร่อง'],ร่อง,11
รองเท้า,['รองเท้า'],รองเท้า,4
ร่องน้ำ,['ร่องน้ำ'],ร่องน้ำ,3
รองพื้น,['รองพื้น'],รองพื้น,2
รองรับ,['รองรับ'],รองรับ,6
ร้อน,['ร้อน'],ร้อน,4
รอบ,['รอบ'],รอบ,18
รอบเดือน,['รอบเดือน'],รอบเดือน,2
รอบนอก,"['รอบนอก', 'รอบคอบ', 'ของนอก']",รอบนอก,3
รอย,['ลอย'],ลอย,4
ร้อย,['ร้อย'],ร้อย,2
รอยนำ,['ลอยน้ำ'],ลอยน้ำ,6
รอยน่ำ,['ลอยน้ำ'],ลอยน้ำ,6
รอยน้ำ,['ลอยน้ำ'],ลอยน้ำ,6
รอยร้าว,['รอยร้าว'],รอยร้าว,124
รอื้,"['รื้อ', 'รู้', 'รอบ', 'รอ', 'ไอ้', 'รอง', 'รอย', 'รอด', 'เอื้อ', 'อืม', 'โอ้', 'รื้อ', 'อือ', 'รอน', 'อี้', 'อื้อ', 'อู้', 'รือ', 'รอส', 'รอล', 'อืด', 'รอก', 'รอม', 'รื้น', 'เอ้', 'รอฟ', 'รี้', 'อื้ม', 'เอือ', 'แอ้', 'รอค', 'อืน', 'ร้อ', 'รอต', 'อืส', 'อื้น', 'รอท', 'อืท', 'อืง', 'สอื้น', 'รอว์', 'อรุ้', 'รหือ', 'รอห์', 'รอธ', 'รืน', 'รอช', 'ไอก้']",รื้อ,3
ระ,['ระ'],ระ,10
ระเบิด,['ระเบิด'],ระเบิด,2
ระเบียบ,['ระเบียบ'],ระเบียบ,2
ระเบียบเรียบร้อย,['ระเบียบเรียบร้อย'],ระเบียบเรียบร้อย,2
ระดับ,['ระดับ'],ระดับ,67
ระดับเสียง,['ระดับเสียง'],ระดับเสียง,3
ระดับความสูง,['ระดับความสูง'],ระดับความสูง,3
ระนาบ,['ระนาบ'],ระนาบ,2
ระบบ,['ระบบ'],ระบบ,176
ระบาย,['ระบาย'],ระบาย,44
ระบายอากาศ,['ระบายอากาศ'],ระบายอากาศ,2
ระบุ,['ระบุ'],ระบุ,62
ระบุชื่อ,['ระบุชื่อ'],ระบุชื่อ,2
ระยะ,['ระยะ'],ระยะ,16
ระยะเวลา,['ระยะเวลา'],ระยะเวลา,3
ระยะห่าง,['ระยะห่าง'],ระยะห่าง,4
ระวัง,['ระวัง'],ระวัง,7
ระหว่าง,['ระหว่าง'],ระหว่าง,26
รัง,['รัง'],รัง,5
รั่ง,['รั้ง'],รั้ง,2
รั้ง,['รั้ง'],รั้ง,3
รังนก,['รังนก'],รังนก,2
รังผึ้ง,['รังผึ้ง'],รังผึ้ง,4
รัด,['รัด'],รัด,4
รัดคาง,['รัดคาง'],รัดคาง,5
รับ,['รับ'],รับ,33
รับเหมา,['รับเหมา'],รับเหมา,2
รับทราบ,['รับทราบ'],รับทราบ,2
รับรอง,['รับรอง'],รับรอง,2
รั่ว,['รั่ว'],รั่ว,26
รั้ว,['รั่ว'],รั่ว,15
รั่วไหล,['รั่วไหล'],รั่วไหล,4
ร้า,['ร้าน'],ร้าน,25
ราคา,['ราคา'],ราคา,4
ราง,['ราง'],ราง,58
รางน้ำ,"['รางน้ำ', 'อาบน้ำ', 'สายน้ำ', 'รดน้ำ', 'ปากน้ำ', 'ฟองน้ำ', 'ร่องน้ำ', 'กาน้ำ', 'อ่างน้ำ', 'พรายน้ำ', 'ช้างน้ำ', 'ตาน้ำ', 'ลายน้ำ', 'ชาวน้ำ', 'ซาวน้ำ', 'แดงน้ำ', 'รองช้ำ']",รางน้ำ,5
ราช,['ราด'],ราช,2
ราชการ,['ราชการ'],ราชการ,3
ราน,['ร้าน'],ร้าน,4
รา้น,['ร้าน'],ร้าน,6
ร้าน,['ร้าน'],ร้าน,173
ร้่าน,"['ร้าน', 'ร่าน']",ร้าน,6
ราย,['ราย'],ราย,2
ราย,['ตราย'],ตราย,5
รายได้,['รายได้'],รายได้,2
รายงาน,['รายงาน'],รายงาน,2
รายชื่อ,['รายชื่อ'],รายชื่อ,2
รายละเอียด,['รายละเอียด'],รายละเอียด,5
ราว,['ราว'],ราว,24
ร่าว,['ร้าว'],ร้าว,10
ร้าว,['ร้าว'],ร้าว,10
ริ,['ริม'],ริม,3
ริม,['ริม'],ริม,2
ริมถนน,['ริมถนน'],ริมถนน,2
ริ้อ,"['รื้อ', 'ริ้ว', 'ริ้น', 'ร้อ']",รื้อ,3
รีด,['รีด'],รีด,3
รีบ,['รีบ'],รีบ,2
รื้,['รื้อ'],รื้อ,3
รื้ถอน,"['รื้อถอน', 'ร้อน', 'รื้อ', 'เรื้อน', 'รื้น']",ถอน,3
รื้น,['รื้อ'],รื้อ,4
รือ,['รื้อ'],รื้อ,2
รื่อ,['รื้อ'],รื้อ,3
รื้อ,['รื้อ'],รื้อ,799
รื้อถอน,['รื้อถอน'],รื้อถอน,763
รืิ้อ,['รื้อ'],รื้อ,29
รุ,['รู'],รู,3
รุนแรง,['รุนแรง'],รุนแรง,2
รุป,['รูป'],รูป,2
รู,['รู'],รู,14
รู้,['รู้'],รู้,2
รูด,['รูด'],รูด,3
รูป,['รูป'],รูป,4
รูปประกอบ,['รูปประกอบ'],รูปประกอบ,2
รูรั่ว,"['รูรั่ว', 'ระรัว']",รูรั่ว,41
ลง,['ลง'],ลง,82
ลงเวลา,"['ลงเวลา', 'ล่วงเวลา', 'ทำเวลา']",ลงเวลา,2
ลงชื่อ,['ลงชื่อ'],ลงชื่อ,32
ลงพื้น,['ลงพื้น'],ลงพื้น,4
ลงมา,"['ลงมา', 'ลงกา', 'ลิมา', 'ลงยา', 'ลมา']",ลงมา,13
ลงลายมือชื่อ,['ลงลายมือชื่อ'],ลงลายมือชื่อ,3
ลด,['ลด'],ลด,6
ลบ,['ลบ'],ลบ,4
ลม,['ลม'],ลม,11
ล้ม,['ล้ม'],ล้ม,8
ล่วง,['ล่วง'],ล่วง,4
ล่วงหน้า,['ล่วงหน้า'],ล่วงหน้า,7
ลวด,['ลวด'],ลวด,21
ล่อ,['ล่อ'],ล่อ,4
ล้อ,['ล้อ'],ล้อ,18
ลอก,['ลอก'],ลอก,2
ล็อค,['ล็อค'],ล็อก,6
ลอง,['ลอง'],ลอง,5
ล่อฟ้า,['ล่อฟ้า'],ล่อฟ้า,6
ล้อม,['ล้อม'],ล้อม,12
ลอย,['ลอย'],ลอย,6
ลอยน้ำ,['ลอยน้ำ'],ลอยน้ำ,5
ล้อรถ,"['ล้อรถ', 'ล้อ', 'ล้อม', 'ลอร์', 'ล้อง', 'ล้อก', 'ล้อน', 'ล้อค']",ล้อรถ,4
ละ,['ละ'],ละ,2
ละเอียด,['ละเอียด'],ละเอียด,2
ละบาย,['ระบาย'],ระบาย,4
ละออง,['ละออง'],ละออง,4
ลั,"['ละออง', 'ลง', 'ละ', 'ลด', 'ลา', 'ลม', 'ลับ', 'ลิ', 'ลำ', 'ลบ', 'ลี', 'ลัก', 'ลอ', 'ลัน', 'ลู', 'ลัด', 'ลัย', 'ลัง', 'ลก', 'ลุ', 'ลัส', 'ลัม', 'ลน', 'ลล', 'ลว', 'ลท', 'ลัค', 'ลัล', 'ลัว', 'ลป', 'ลัท', 'ลพ', 'ลส', 'ลัต', 'ลัษ', 'ลัพ', 'ลัญ', 'ลภ', 'ลช', 'ลต', 'ลึ', 'ลัช', 'ลค', 'ลัข', 'ลัฟ', 'ลัซ', 'ลณ']",ละ,10
ลักษณะ,['ลักษณะ'],ลักษณะ,18
ลัง,['ลัง'],ลัง,4
ลัย,['ลัย'],ลัย,4
ลา,['ลา'],ลา,2
ล่า,['ล่า'],ล่า,393
ลาก,['ลาก'],ลาก,133
ลาง,['ลาง'],ลาง,2
ล่าง,['ล่าง'],ล่าง,3
ลาน,['ร้าน'],ร้าน,18
ล้าน,['ร้าน'],ร้าน,20
ล๊าน,['ร้าน'],ร้าน,2
ลานจอดรถ,['ลานจอดรถ'],ลานจอดรถ,3
ลาย,['ลาย'],ลาย,4
ลำ,['ลำ'],ลำ,2
ลิ,['ลิตร'],ลิตร,2
ลิง,['ลิง'],ลิ่ง,3
ลิ่ง,['ลิ่ง'],ลิ่ง,6
ลิตร,['ลิตร'],ลิตร,9
ลิฟท์,['ลิฟต์'],ลิฟต์,3
ลี,['ลี'],ลื่น,3
ลี่,['ลี่'],ลื่น,3
ลึก,['ลึก'],ลึก,2
ลื่น,['ลื่น'],ลื่น,3
ลื่นล้ม,['ลื่นล้ม'],ลื่นล้ม,2
ลืม,['ลืม'],ลืม,12
ลุก,['ลุก'],ลุก,3
ลูก,['ลูก'],ลูก,5
ลูกเต๋า,['ลูกเต๋า'],ลูกเต๋า,3
ลูกแก้ว,['ลูกแก้ว'],ลูกแก้ว,3
ลูกไฟ,['ลูกไฟ'],ลูกไฟ,2
ลูกถ้วย,['ลูกถ้วย'],ลูกถ้วย,3
ลูกบิด,['ลูกบิด'],ลูกบิด,4
วง,['วง'],วง,2
วท,['วันที่'],วันที่,77
วน,['วน'],วน,10
วัง,['วัง'],วัง,4
วัชพืช,['วัชพืช'],วัชพืช,305
วัด,['วัด'],วัด,185
วัตถุ,['วัตถุ'],วัตถุ,2
วัน,['วัน'],วัน,2
วันที่,['วันที่'],วันที่,2
วัส,['วัสดุ'],วัสดุ,2
วัสดุ,['วัสดุ'],วัสดุ,17
ว่า,['ว่า'],ว่า,81
วาง,['วาง'],วาง,139
ว่าง,['ว่าง'],ว่าง,2
วางแผน,['วางแผน'],วางแผน,2
วางสาย,['วางสาย'],วางสาย,18
วางหน้า,['วางหน้า'],วางหน้า,2
ว่าที่,['ว่าที่'],ว่าที่,2
วาน,['วาน'],วาน,2
วาล์ว,['วาล์ว'],วาล์ว,23
วิ,['วิ'],วิ,4
วิเคราะห์,['วิเคราะห์'],วิเคราะห์,8
วิ่ง,['วิ่ง'],วิ่ง,2
วิท,['วิท'],วิท,3
วิทยา,['วิทยา'],วิทยา,2
วิทยาลัย,['วิทยาลัย'],วิทยาลัย,2
วิทยุสื่อสาร,['วิทยุสื่อสาร'],วิทยุสื่อสาร,2
วิธี,['วิธี'],วิธี,15
วิศวกร,['วิศวกร'],วิศวกร,2
ศวกร,['ศวกร'],ศวกร,4
ศีรษะ,['ศีรษะ'],ศีรษะ,5
ศูนย์,['ศูนย์'],ศูนย์,2
ศูนย์กลาง,['ศูนย์กลาง'],ศูนย์กลาง,2
ษัท,['ษัท'],ษัท,5
ส,"['ส.', 'สี', 'สิ', 'สา', 'สุ', 'สม', 'ใส', 'สด', 'รส', 'สบ', 'สะ', 'สน', 'สู', 'สึ', 'สห', 'สร', 'โส', 'เส', 'สอ', 'สง', 'สำ', 'สว', 'สก', 'สต', 'ไส', 'สค', 'แส', 'อส', 'สป', 'ทส', 'สถ', 'นส', 'สพ', 'สย', 'ลส', 'วส', 'ยส', 'สฤ', 'ดส', 'สส', 'สภ', 'สล', 'สท', 'สช', 'บส', 'ษส', 'จส', 'สจ', 'มส', 'พส', 'ตส', 'สญ', 'กส', 'คส', 'สศ', 'ปส', 'ชส', 'ภส', 'สณ', 'ผส', 'สฐ']",ส.,80
ส่,"['ส่ง', 'สี', 'สู่', 'ใส่', 'สิ', 'สี่', 'สา', 'สุ', 'สม', 'สด', 'สบ', 'สะ', 'สน', 'บ่', 'สู', 'สึ', 'สห', 'สร', 'สอ', 'สง', 'สำ', 'ส่อ', 'สว', 'สก', 'สต', 'สค', 'ส่ำ', 'สป', 'ส่า', 'สถ', 'สพ', 'สย', 'แส่', 'ส่น', 'สฤ', 'สส', 'สภ', 'สล', 'สท', 'สช', 'ไส่', 'สจ', 'เส่', 'ส่ม', 'สญ', 'สศ', 'ห่', 'สฐ', 'สณ']",ส่ง,2
สเก็น,"['สเก็ต', 'เก็น', 'สเก็ด', 'สเป็น', 'สเต็น']",สเก็ต,2
สแกน,['สแกน'],สแกน,2
สไลด์,['สไลด์'],สไลด์,2
สกัด,['สกัด'],สกัด,434
ส่ง,['ส่ง'],ส่ง,44
ส่งผล,['ส่งผล'],ส่งผล,4
ส่งผลให้เกิด,['ส่งผลให้เกิด'],ส่งผลให้เกิด,2
สตารท,['สตารท'],สตาร์ท,6
สติก,['สติ๊ก'],สติ๊ก,3
สติ๊ก,['สติ๊ก'],สติ๊ก,4
สติกเกอร์,['สติกเกอร์'],สติ๊กเกอร์,3
สติ๊กเกอร์,['สติกเกอร์'],สติ๊กเกอร์,7
สถาน,['สถาน'],สถาน,5
สถานที่,['สถานที่'],สถานที่,7
สถานประกอบการ,['สถานประกอบการ'],สถานประกอบการ,6
สถานะ,['สถานะ'],สถานะ,5
สน,['สน'],สน,5
สนิท,['สนิท'],สนิท,9
สนิม,['สนิม'],สนิม,230
สภา,['สภาพ'],สภาพ,2
สภาพ,['สภาพ'],สภาพ,39
สม,['สม'],สม,4
ส้ม,['ส้ม'],ส้ม,2
สมใน,['สมใน'],สมใน,2
สมบูรณ์,['สมบูรณ์'],สมบูรณ์,7
สร้าง,['สร้าง'],สร้าง,5
สลัก,['สลัก'],สลัก,3
สลับ,['สลับ'],สลับ,37
สลิง,['สลิง'],สลิง,32
ส่วน,['ส่วน'],ส่วน,8
สวม,['สวม'],สวม,24
สวมใส่,['สวมใส่'],สวมใส่,86
สวมหน้ากาก,['สวมหน้ากาก'],สวมหน้ากาก,2
สว่าง,['สว่าง'],สว่าง,3
สว่าน,['สว่าน'],สว่าน,7
สอง,['สอง'],สอง,5
ส่อง,['ส่อง'],ส่อง,39
ส่องกล้อง,['ส่องกล้อง'],ส่องกล้อง,51
สอด,['สอด'],สอด,2
สอดคล้อง,['สอดคล้อง'],สอดคล้อง,6
สอบ,['สอบ'],สอบ,3
สอบเทียบ,['สอบเทียบ'],สอบเทียบ,7
สอบถาม,['สอบถาม'],สอบถาม,6
สะ,['สะ'],สะ,2
สะเก็ด,['สะเก็ด'],สะเก็ต,7
สะดวก,['สะดวก'],สะดวก,2
สะดุด,['สะดุด'],สะดุด,5
สะท้อน,['สะท้อน'],สะท้อน,10
สะบัด,['สะบัด'],สะบัด,3
สะพาน,['สะพาน'],สะพาน,2
สะสม,['สะสม'],สะสม,3
สั,"['สัง', 'สี', 'สัก', 'สิ', 'สา', 'สุ', 'สม', 'สด', 'สัน', 'สบ', 'สะ', 'สน', 'สัม', 'สู', 'สึ', 'สห', 'สร', 'สัง', 'สับ', 'สอ', 'สัญ', 'สง', 'สำ', 'สว', 'สก', 'สต', 'สค', 'สัท', 'สัต', 'สัจ', 'สัย', 'สป', 'สัด', 'สัพ', 'สัป', 'สถ', 'สพ', 'สย', 'สัช', 'สฤ', 'สส', 'สัส', 'สภ', 'สัค', 'สล', 'สท', 'สช', 'สัณ', 'สจ', 'สัล', 'สัว', 'สญ', 'สัฏ', 'สศ', 'สฐ', 'สณ', 'สัฟ', 'สัฒ', 'สัข']",สัง,2
สัง,['สัง'],สัง,2
สั่ง,['สั่ง'],สั่ง,3
สังเกต,['สังเกต'],สังเกต,6
สังเกตเห็น,['สังเกตเห็น'],สังเกตเห็น,2
สัญญา,['สัญญา'],สัญญา,5
สัญญาณ,['สัญญาณ'],สัญญาณ,19
สัญลักษณ์,['สัญลักษณ์'],สัญลักษณ์,4
สัตว์,['สัตว์'],สัตว์,3
สั่น,['สั่น'],สั่น,3
สั้น,['สั้น'],สั้น,3
สับสน,['สับสน'],สับสน,2
สัมผัส,['สัมผัส'],สัมผัส,2
สา,['สาย'],สาย,5
สา,['สา'],สา,3
สาเหตุ,['สาเหตุ'],สาเหตุ,6
สาก,['สาด'],สาด,3
สาด,['สาด'],สาด,5
สามารถ,['สามารถ'],สามารถ,17
สาย,['สาย'],สาย,347
สายไฟ,['สายไฟ'],สายไฟ,107
สายไฟฟ้า,"['สายไฟฟ้า', 'สายไฟ', 'สนามไฟฟ้า', 'สายฟ้า']",สายไฟฟ้า,11
สายตา,['สายตา'],สายตา,2
สายน้ำ,['สายน้ำ'],สายน้ำ,4
สายพาน,['สายพาน'],สายพาน,5
สายรัดคาง,['สายรัดคาง'],สายรัดคาง,4
สายล่อฟ้า,['สายล่อฟ้า'],สายล่อฟ้า,3
สาร,['สาร'],สาร,3
สารเคมี,['สารเคมี'],สารเคมี,47
สาว,['สาร'],สาร,3
สำ,['สำ'],สำ,6
สำรวจ,['สำรวจ'],สำรวจ,10
สำรวล,['สำรวจ'],สำรวจ,7
สำหรับ,['สำหรับ'],สำหรับ,305
สิ่งผิดปกติ,['สิ่งผิดปกติ'],สิ่งผิดปกติ,2
สิน,['สิน'],สิน,2
สี,['สี'],สี,15
สีแดง,"['สีแดง', 'สำแดง']",สีแดง,3
สีซีด,"['สีซีด', 'ซีด', 'พีซี', 'ดีซี', 'อีซี', 'สปีด', 'สตีด', 'สีด', 'สวีด', 'รีซีฟ']",สีซีด,7
สีน้ำเงิน,['สีน้ำเงิน'],สีน้ำเงิน,2
สีส้ม,"['สีส้ม', 'สะสม', 'ส้ม', 'สีสัน', 'สีลม', 'สารส้ม', 'สุ้ม', 'สีสุก', 'สี้', 'สีสะ', 'มดส้ม', 'โส้ม', 'สีสา', 'สีม', 'สสุม', 'สสัม']",สีส้ม,2
สึก,['สึก'],สึก,2
สืบ,['สืบ'],สืบ,2
สือ,['สือ'],สือ,2
สื่อ,['สื่อ'],สื่อ,2
สือสาร,['สื่อสาร'],สื่อสาร,2
สื่อสาร,['สื่อสาร'],สื่อสาร,3
สุ,['สุด'],สุด,4
สุขา,"['สุขา', 'สุข', 'สาขา', 'สุรา', 'สุดา', 'สุภา', 'สุชา', 'สุธา', 'สุขี', 'สิขา', 'สขา']",สุขา,20
สุด,['สุด'],สุด,3
สู,['สูง'],สูง,12
สู่,['สู่'],สู่,2
สูง,['สูง'],สูง,538
สูงสุด,['สูงสุด'],สูงสุด,2
สูบ,['สูบ'],สูบ,11
สูบน้ำ,"['สูบน้ำ', 'อาบน้ำ', 'สายน้ำ', 'สระน้ำ', 'ดูดน้ำ', 'ลูกน้ำ', 'อู่น้ำ', 'สกีน้ำ']",สูบน้ำ,6
หก,['หก'],หก,2
หกล้ม,['หกล้ม'],หกล้ม,3
หญ้า,['หญ้า'],หญ้า,3
หญิง,['หญิง'],หญิง,3
หนด,['หนด'],หนด,4
หน่วย,['หน่วย'],หน่วย,5
หน่วยงาน,['หน่วยงาน'],หน่วยงาน,8
หนอน,['หนอน'],หนอน,2
หนัก,['หนัก'],หนัก,2
หนัง,['หนัง'],หนัง,2
หนังสือ,['หนังสือ'],หนังสือ,2
หนัา,"['หน้า', 'หนัง', 'หนัก', 'หนา', 'หนับ', 'หนัน', 'หน่า', 'หนัด', 'หนัว']",หน้า,2
หนา,['หนา'],หนา,225
หน่า,['หน้า'],หน้า,55
หน้า,['หน้า'],หน้า,265
หน้าเตา,['หน้าเตา'],หน้าเตา,10
หน้ากาก,['หน้ากาก'],หน้ากาก,11
หน้างาน,['หน้างาน'],หน้างาน,5
หน้าจอ,['หน้างอ'],หน้างอ,6
หน้าต่าง,['หน้าต่าง'],หน้าต่าง,6
หน้าปัด,['หน้าปัด'],หน้าปัด,4
หนาม,['หนาม'],หนาม,2
หนีบ,['หนีบ'],หนีบ,3
หนึ่ง,['หนึ่ง'],หนึ่ง,2
หนุน,['หนุน'],หนุน,4
หนู,['หนู'],หนู,12
หมด,['หมด'],หมด,4
หมดอายุ,['หมดอายุ'],หมดอายุ,11
หมวก,['หมวก'],หมวก,8
หม้อ,['หม้อ'],หม้อ,2
หม้อแปลง,['หม้อแปลง'],หม้อแปลง,4
หมาย,['หมาย'],หมาย,20
หมายเลข,['หมายเลข'],หมายเลข,4
หมิ่น,['หมิ่น'],หมิ่น,4
หมุ้,"['หมุน', 'หมุด', 'หมุย', 'หมู้', 'หมุ', 'หมุบ']",หมุด,4
หมุด,['หมุด'],หมุด,3
หมุน,['หมุน'],หมุน,4
หยด,['หยด'],หยด,7
หยดน้ำ,"['หยดน้ำ', 'รดน้ำ', 'ดูดน้ำ', 'กดน้ำ', 'หมูน้ำ', 'หัวน้ำ', 'ผิดน้ำ', 'ซัดน้ำ', 'ยอดน้ำ', 'ดน้ำ', 'ทอดน้ำ']",หยดน้ำ,3
หยอด,['หยอด'],หยอด,2
หย่อน,['หย่อน'],หย่อน,2
หยิบ,['หยิบ'],หยิบ,2
หยุด,['หยุด'],หยุด,2
หยุดงาน,['หยุดงาน'],หยุดงาน,6
หรับ,['หรับ'],หรับ,5
หรือ,['หรือ'],หรือ,17
หรือเปล่า,['หรือเปล่า'],หรือเปล่า,2
หรือไม่,['หรือไม่'],หรือไม่,2
หล่น,['หล่น'],หล่น,5
หลวม,['หลวม'],หลวม,3
หล่อ,['หล่อ'],หล่อ,2
หลอด,['หลอด'],หลอด,6
หลอดไฟ,['หลอดไฟ'],หลอดไฟ,34
หล่อลื่น,['หล่อลื่น'],หล่อลื่น,2
หลัก,['หลัก'],หลัก,3
หลักฐาน,['หลักฐาน'],หลักฐาน,2
หลัง,['หลัง'],หลัง,37
หลังคา,['หลังคา'],หลังคา,48
หลังจาก,['หลังจาก'],หลังจาก,25
หลับ,['หลับ'],หลับ,6
หลาย,['หลาย'],หลาย,3
หลุด,['หลุด'],หลุด,14
หลุม,['หลุม'],หลุม,7
ห้ว,"['หัว', 'ห้า', 'หิว', 'ห้วย', 'ห้วง', 'หิ้ว', 'ห้าว', 'ห้วน', 'หาว', 'แห้ว', 'ห้อ', 'ห้ง', 'ห้ำ', 'หีว', 'ห้ม', 'ห้ค', 'เห้ว', 'ห้ส', 'ห้น', 'ห้ป', 'หั้ว']",หัว,2
ห่วง,['ห่วง'],ห่วง,2
ห่วงยาง,['ห่วงยาง'],ห่วงยาง,2
หวะ,['หวะ'],หวะ,4
หว่าง,['หว่าง'],หว่าง,5
หอ,['หอ'],หอ,3
ห้อง,['ห้อง'],ห้อง,24
ห้องน้ำ,['ห้องน้ำ'],ห้องน้ำ,3
หอม,['หอม'],หอม,3
ห้อย,['ห้อย'],ห้อย,2
หัก,['หัก'],หัก,7
หัว,['หัว'],หัว,42
หัวเข่า,"['หัวเข่า', 'หัวเก่า', 'หัวเข้า']",หัวเข่า,2
หัวหน้างาน,['หัวหน้างาน'],หัวหน้างาน,4
หา,['หา'],หา,15
หาก,['หาก'],หาก,4
หาง,"['หาง', 'หางหนู', 'สารหนู', 'ตาหนู', 'หูหนู', 'อาหนู']",หาง,2
ห่าง,['ห่าง'],ห่าง,2
หางเปีย,['หางเปีย'],หางเปีย,2
หาย,['หาย'],หาย,3
หิน,['หิน'],หิน,19
หุม้,"['หุ้ม', 'หุม']",หุ้ม,6
หุ่ม,['หุ้ม'],หุ้ม,2
หุ้ม,['หุ้ม'],หุ้ม,642
หู,['หุ้ม'],หุ้ม,2
หู้ม,['หุ้ม'],หุ้ม,15
อก,['อก'],องค์,2
อง,['องค์'],องค์,2
อด,['อด'],อด,3
อนามัย,['อนามัย'],อนามัย,2
อนุ,['อนุ'],อนุ,3
อนุญาต,['อนุญาต'],อนุญาต,5
อบ,['อบ'],อบ,2
อบรม,['อบรม'],อบรม,3
อป,['อุป'],อุป,5
อย,"['อยู่', 'อา', 'คอย', 'อี', 'อะ', 'รอย', 'ลอย', 'อก', 'อิ', 'อด', 'ซอย', 'โย', 'อาย', 'หอย', 'อร', 'ถอย', 'อุ', 'ออ', 'อบ', 'อม', 'ดอย', 'ใย', 'อู', 'อง', 'บอย', 'ยย', 'เอย', 'ยอ', 'อำ', 'จอย', 'เย', 'ทย', 'โอย', 'อน', 'ฝอย', 'รย', 'สอย', 'ปอย', 'อส', 'ไย', 'ออย', 'อึ', 'อวย', 'อป', 'อว', 'วอย', 'จย', 'ตย', 'ไอย', 'อล', 'ชย', 'แย', 'อูย', 'อพ', 'อุย', 'มย', 'นย', 'ทอย', 'ตอย', 'นอย', 'สย', 'อัย', 'อภ', 'อค', 'กอย', 'ฮอย', 'ยอย', 'ชอย', 'มอย', 'พย', 'ศย', 'งอย', 'อห', 'ษย', 'อช', 'อท', 'อญ', 'ผอย', 'อฏ', 'อจ', 'อยบ', 'แอย', 'ฟอย']",อยู่,10
อย่าง,['อย่าง'],อย่าง,5
อยู่,['อยู่'],อยู่,105
อยู้,['อยู่'],อยู่,5
อลูมิเนียม,['อลูมิเนียม'],อลูมิเนียม,4
ออ,['ออก'],ออก,2
ออก,['ออก'],ออก,50
ออกแบบ,['ออกแบบ'],ออกแบบ,4
ออกจาก,"['ออกจาก', 'นอกจาก', 'ออกปาก', 'ออกหาก']",ออกจาก,57
ออกมา,['ออกมา'],ออกมา,27
ออกหน้า,"['ออกหน้า', 'กองหน้า', 'เอาหน้า', 'ลอยหน้า', 'นองหน้า', 'บากหน้า', 'ฉีกหน้า', 'หักหน้า', 'แสกหน้า', 'ชักหน้า', 'ตากหน้า']",ออกหน้า,2
ออง,['ออง'],ออง,4
ออม,['ออก'],ออก,6
อะ,['อะ'],อะ,14
อะไร,['อะไร'],อะไร,4
อะไหร่,['อะไหล่'],อะไหล่,14
อะไหล่,['อะไหล่'],อะไหล่,14
อั,"['อัน', 'อับ', 'อัด']",อะ,40
อัก,['อัด'],อัด,25
อักษ,['อักษร'],อักษร,4
อักษร,['อักษร'],อักษร,11
อัด,['อัด'],อัด,228
อัต,"['อัน', 'อับ', 'อัด']",อัน,5
อัต,"['อัน', 'อับ', 'อัด']",อับ,5
อัต,"['อัน', 'อับ', 'อัด']",อัด,5
อัน,['อันตราย'],อัน,2
อันต,['อันตราย'],อัน,4
อันตราย,['อันตราย'],อันตราย,19
อับ,['อับ'],อับ,40
อา,['อา'],อา,4
อาการ,['อาการ'],อาการ,7
อากาศ,['อากาศ'],อากาศ,109
อาคาร,['อาคาร'],อาคาร,47
อาจ,['อาจ'],อาจ,19
อาจจะ,"['อาจจะ', 'อาจ', 'สัจจะ', 'อารยะ', 'อาจิณ', 'กิจจะ', 'อาสนะ', 'อาจาด', 'อาจม', 'อาจอง', 'อาจาร', 'อาระ', 'มาจจ์', 'อานะ', 'มัจจะ', 'อาชวะ', 'อาจิน', 'อาจ์']",อาจจะ,4
อาด,['อาด'],อาด,4
อ่าน,['อ่าน'],อ่าน,61
อายุ,['อายุ'],อายุ,30
อาร์,['อาร์กอน'],อาร์,24
อาร์กอน,['อาร์กอน'],อาร์กอน,3
อิง,['อิง'],อิง,2
อีก,['อีก'],อีก,8
อีกครั้ง,['อีกครั้ง'],อีกครั้ง,2
อื่น,['อื่น'],อื่น,8
อื่นๆ,['อื่น ๆ'],อื่น ๆ,3
อุ,['อุปกรณ์'],อุป,40
อุ้,"['อุป', 'อุ', 'อุ้ม', 'อุด', 'อี้', 'อู้', 'อุร', 'อุต', 'อุ้ง', 'ผุ้', 'อุส', 'อุบ', 'อุ้ย', 'อุล', 'อุณ', 'อุน', 'อุษ', 'อุท', 'อุย', 'อุจ', 'อุก', 'อุ๊', 'อุม', 'อุง', 'อุซ', 'อุฟ', 'อุค', 'อุภ', 'กุ้', 'อุฏ', 'ตุ้', 'สุ้', 'อุ้บ', 'อรุ้', 'อุ้น']",อุป,4
อุก,['อุป'],อุป,5
อุด,['อุด'],อุด,42
อุดตัน,"['อุดตัน', 'ดุดัน', 'พุดตาน', 'อีตัน']",อุดตัน,3
อุตสาหกรรม,['อุตสาหกรรม'],อุตสาหกรรม,3
อุบ,['อุป'],อุป,20
อุป,"['อุป', 'อุปกรณ์']",อุป,35
อุปกรณ์,['อุปกรณ์'],อุปกรณ์,2392
ๆ,['ๆ'],ๆ,12
