aru,40
 ,75125
clean,2761
load,2113
ckb,440
site,638
survey,383
for,434
work,351
log,1073
sheet,1078
flush,60
line,909
cw,23
pm,3513
ground,22
and,1537
pipe,1015
thermal,95
scan,69
compact,60
prover,17
tt,103
prove,96
str,257
check,2894
change,1260
waste,102
sampling,132
repair,475
concrete,41
wall,6
of,23
west,4
ups,41
charger,47
swing,887
blind,423
ccb,57
inspection,665
pump,291
remove,2382
mechanical,72
seal,246
remover,31
insulation,898
install,2584
guard,110
fill,298
up,106
strainer,106
replace,600
new,522
rpair,1
steam,220
trap,79
reuse,122
regen,23
caertridge,1
filter,69
chemical,386
lube,369
oil,558
monitor,312
id,210
liquid,64
polymer,66
dmds,11
a,653
stem,17
leak,476
pg,57
regu,1
b,786
test,1155
safety,251
valve,602
v,76
lab,163
sludge,85
wwt,21
lv,47
mcc,33
db,7
panel,27
ph,132
meter,187
chemicals,221
conduct,115
boiler,85
demin,32
motor,282
vent,31
to,688
battery,18
coil,194
gas,286
detector,140
tfu,34
area,157
cold,53
cod,34
analyzer,407
vibration,413
activate,21
air,456
calibrate,241
transmitter,342
scaffording,23
oru,4
visual,244
clamp,26
inspt,97
pdv,1
in,208
card,79
cathodic,27
cal,234
c,182
verify,82
container,11
regulator,31
operate,5
screen,34
gc,455
gasket,25
hvac,319
upload,4
envidas,5
iop,24
fillter,16
naocl,22
mov,19
stop,318
drain,102
run,236
after,125
level,214
tank,64
nde,4
bearing,10
leakage,4
pressure,111
gauge,19
program,24
fire,215
piont,2
temp,67
spool,92
terminal,16
limit,65
switch,74
alarm,187
ocu,54
burner,15
activated,23
car,3
emergency,33
light,16
validation,251
ah,24
feedback,15
panamagnectic,1
modify,271
cg,3
corrosion,33
nalco,28
corosion,14
sheets,14
coupong,1
insatll,8
tg,4
confirm,198
flow,171
control,116
coupon,17
pcv,10
group,52
scaffolding,956
crane,40
loab,2
reset,22
tdi,7
moduale,2
bently,4
torque,82
bolt,152
pmlubri,1
sticker,1
amp,10
cm,15
reverse,1
carrier,227
print,7
download,30
graphic,28
apc,24
cathadic,1
breaker,7
flame,53
moc,47
reinstall,74
pot,27
wintherm,1
tk,2
rack,82
rpl,33
tie,80
tig,3
vocs,15
spare,9
furnace,37
show,27
probe,36
off,18
stall,71
slope,37
ing,10
mo,4
nitor,1
power,80
foot,7
bfw,13
injection,10
close,59
inspect,21
y,15
spay,8
logsheet,88
cpact,5
cems,120
opacity,16
drilling,30
sensor,59
combusible,3
ia,33
pdt,4
lubricant,178
lifting,108
wobble,4
record,27
generator,92
support,755
hcl,13
intsall,1
parameter,10
belts,1
press,7
refill,32
fan,158
cheak,18
recover,25
float,10
psa,14
deviation,6
on,153
dcs,26
over,52
haual,11
m,98
his,11
at,114
ocuj,1
voc,32
silicone,10
outlet,22
hs,9
viration,4
lighting,144
loto,12
thermo,17
bidding,6
excess,29
tail,22
alum,11
contor,1
yard,70
gunrd,1
mlss,18
packing,23
stream,4
mech,18
vantilation,4
parametter,1
pact,21
auto,40
start,419
stock,6
catalyst,9
h,69
loop,51
weldment,13
paramitter,1
machine,26
furnaces,22
earth,21
orp,8
recondition,4
move,16
overhual,2
ejector,1
cb,8
trip,18
main,12
compressor,19
shutdown,32
woble,1
index,12
heater,10
pvc,28
tempo,11
lamp,38
lcs,78
r,25
naptha,9
double,10
solenoid,18
sofeware,1
software,12
utm,51
dike,34
eq,10
carbon,89
monitro,4
cake,14
tieing,1
zero,22
asset,7
gate,7
stainer,3
pit,86
renew,6
door,2
d,737
repail,2
genarator,162
heat,38
pad,3
bv,30
set,45
elis,5
clear,36
lt,31
xv,21
devition,1
overhaul,109
passing,24
ignition,4
deviate,2
preesure,1
chang,46
system,63
cabinet,25
spray,34
nozzle,45
fd,8
decoke,43
ellist,8
key,28
inlet,32
gear,21
element,11
vsd,88
fv,7
hv,60
grounding,7
adjust,24
rate,2
propance,1
confitm,1
hdpe,33
sa,3
clea,2
cleaning,119
pipeline,118
open,67
meg,28
abcd,4
routine,121
piping,5
supports,3
stroke,134
phase,6
paut,14
flushing,112
wash,15
piprack,1
punch,25
installed,124
tailed,3
sc,70
matt,2
actuator,17
supoort,2
chemiical,1
cooling,127
get,2
pace,4
server,14
setup,7
interface,3
lay,3
piep,1
protact,1
scaffold,35
point,30
inspaction,6
hot,351
chiller,11
inergen,57
event,1
workshop,1
remote,5
range,31
mornitor,5
themo,1
expation,1
joint,31
communit,2
link,39
supply,18
tube,215
boom,36
lub,33
ling,6
teat,9
project,89
interlock,48
spark,9
stage,10
lg,19
comp,17
niter,2
sub,34
sej,1
standing,38
chech,9
tacing,6
chamber,3
punp,2
counter,3
trim,1
ckeck,4
em,1
silica,38
stor,1
niddle,1
manetic,1
hydrotest,29
silensor,4
deluge,10
hydro,97
cartridge,18
moniter,24
from,14
toc,16
dry,18
critical,1
speed,12
brand,3
filtet,1
cleean,1
spoon,8
elbow,15
preparation,15
hp,7
high,24
insuiation,1
e,245
top,48
plateform,7
sample,51
crack,4
pack,44
slgh,1
glass,18
video,1
display,18
insalution,5
re,66
moisture,59
scaff,5
mv,52
swg,20
vitorlic,1
cross,15
me,15
house,50
transformer,19
tle,29
calibration,85
turbidity,42
cut,3
blow,3
revamp,18
pure,2
conductivity,25
class,78
je,8
cleab,1
surway,4
exsess,13
ripe,1
nox,2
xx,1
ft,36
transmister,2
vru,9
all,45
powertransfor,1
mer,1
bore,78
scope,61
transition,6
quench,26
water,354
jet,207
cleanning,2
piece,13
pass,31
far,46
stie,1
config,19
surwey,3
atg,38
low,67
impluse,6
prl,1
steamtrap,5
panamagnetic,3
oiler,35
x,14
voltage,3
stand,22
pin,13
position,8
cartrigde,4
equipment,16
truck,16
claean,2
stoke,5
port,3
dynamic,9
servey,21
intrelock,1
pt,91
calibrtae,1
internal,63
box,67
odor,2
skid,6
corotion,1
surge,92
service,26
flare,8
ray,248
spools,334
inspecyion,1
loss,1
swgr,15
installation,84
lcb,3
turbid,8
flange,56
kittiphot,1
boonraksasri,1
lightiing,1
pof,41
shell,14
side,23
belt,29
comfirm,2
naoh,9
feed,19
back,11
chek,5
error,22
ab,27
victuallic,1
out,6
exchanger,4
performance,19
removeinsulation,1
mat,4
guage,3
mss,36
sight,16
unit,34
strok,3
hanging,6
ges,1
qel,1
limiter,1
push,3
button,2
inter,4
lock,22
flam,1
overhead,37
ut,20
bootleg,1
n,15
sugre,3
protection,2
relay,16
incoming,4
bus,13
hx,1
ac,3
qle,1
kay,1
slpoe,1
detecter,2
firealarm,2
manaul,1
flowerate,1
hr,2
insu,28
ligh,2
exit,24
phased,4
suction,28
com,26
victualic,1
accesories,4
rt,8
call,12
utpa,3
shut,14
dowt,1
blade,9
evt,8
psv,85
grease,31
linde,5
router,1
take,27
hand,28
wheel,8
drum,24
witness,3
l,38
prm,3
vortex,5
vertify,1
combustion,8
cover,50
gtg,39
fins,8
bypass,21
rotor,7
aanalyzer,1
list,16
column,8
indicator,6
calibartion,1
treatment,1
current,15
analysis,9
rail,1
marking,2
propane,2
bar,1
inject,13
emulsion,3
mpr,4
cheek,7
structure,5
ahu,22
painting,239
remuve,2
mp,1
checksheet,7
stroage,2
positioner,38
checkcheet,1
insulationtest,2
recheak,2
cooler,18
punchlist,5
ingect,2
xm,2
havc,5
il,1
stork,3
lubrication,22
sequence,6
breeaker,1
modufy,1
purge,25
exhaust,3
online,51
insall,2
chekc,2
spent,1
dran,2
scafflolding,4
lightning,42
mocd,3
cuurent,1
thinkness,3
wiring,39
prerruse,1
draen,1
setting,9
drop,7
chamical,3
disconnect,4
activeted,16
insusation,1
isolate,8
fush,5
scaffoiding,10
sping,1
iut,11
curtain,1
residue,1
accumulator,23
ptw,5
s,11
cable,105
conduit,110
replac,3
aov,1
confirn,2
problem,1
ai,5
diff,18
dt,3
return,7
inside,8
panal,2
dis,7
communication,12
spring,3
calculation,1
sap,2
tcuv,12
end,15
coating,56
ds,11
platform,12
interpipe,1
pendant,1
tw,68
ls,4
reinstate,1
ax,5
pdg,3
co,11
abc,15
soot,6
limitswitch,1
cutting,139
fit,7
welding,169
ball,15
tes,1
static,14
meeter,1
tracing,13
lq,8
tc,19
cpu,4
pilot,7
storke,4
slove,1
tower,43
lift,29
recheck,17
spacer,6
batt,2
stanchion,30
haib,77
modifly,7
cylinder,1
transfer,14
by,84
g,235
padding,2
frame,16
common,6
function,52
tag,57
vt,7
intall,12
divo,31
hpwj,26
disassemble,16
isolator,2
used,2
mini,2
magnetic,10
modyfy,4
modifi,2
thickness,26
scaffoldion,1
conduc,4
acrylic,2
o,4
ope,18
inspec,2
coldbox,1
plant,20
module,28
umc,3
fail,4
read,2
marshalling,24
resin,9
housing,3
wireless,17
conducttivity,1
head,9
as,5
found,4
bunner,2
block,18
bomd,1
ro,12
ned,1
switching,40
switchgear,18
boier,1
header,9
blowdown,5
costic,1
soda,8
vale,2
hight,5
weld,75
ptc,1
reoair,2
compound,11
remaining,8
product,12
hydrostatic,3
aircom,2
tramitter,1
casing,14
cautic,2
iris,21
cfu,16
rcw,7
file,4
mos,8
boer,1
panting,6
te,6
dp,3
connect,5
scafffolding,1
lstem,2
latch,2
airpuge,1
manhole,4
andreinstall,1
stram,3
plug,24
place,4
solinoid,8
pull,1
bundle,5
compcat,1
aerator,5
chack,16
draine,2
core,6
cleaner,1
fqi,1
tx,12
parallel,1
tray,5
testrunfire,1
assembly,3
furbaces,1
remvme,1
onsite,14
gen,95
con,3
processor,2
mass,2
manual,16
metering,4
continue,1
fanblabe,1
gatting,1
upgrade,5
ram,1
gr,2
tmt,1
unplug,9
trans,2
add,80
ventilation,36
lf,3
local,1
insert,1
supporp,1
confined,162
space,182
foam,3
mannual,2
distribution,1
board,9
window,9
thermoscan,11
commisioning,2
de,4
desup,2
emer,9
lack,2
overhoual,19
use,2
standard,7
boilera,1
relief,2
glow,2
checker,16
plat,8
purging,1
sv,1
not,4
tracking,1
sloe,1
plate,51
restall,3
naphtha,37
report,18
scaffoding,10
disconet,2
cuppling,3
ss,10
cap,2
spary,1
haul,12
chacker,1
capsule,5
computer,8
engineer,2
room,11
sfd,1
insolation,4
no,18
cafsule,1
inspertion,3
saver,1
rasin,2
raw,3
reintall,1
sigh,6
installguard,1
mx,8
clarn,1
i,115
trollry,1
beam,21
speaker,1
trolley,4
manifold,4
radaint,4
scaffoldjng,1
datalogger,1
carbarier,2
swingblind,12
unload,12
validarion,1
turbo,4
surver,5
blower,8
inspratoin,1
ni,1
yad,1
mix,2
moter,7
clane,2
frie,7
sacffolding,7
coolant,13
pier,3
tr,2
long,2
configure,10
ie,13
cbd,3
hm,2
drypolymer,1
linedrain,6
condensate,1
tighten,13
bund,2
base,22
setpoint,11
robot,1
sov,31
clearn,9
suevey,5
ii,8
restart,9
scada,22
min,7
connector,2
viratibration,1
streetlight,7
replica,5
hardness,6
lightting,1
aging,21
da,6
vaccum,8
reduction,2
condition,9
t,11
handle,1
ta,6
inspcetion,2
drike,2
fitting,6
coupling,21
caustic,10
ultrasonic,3
ans,1
lpg,2
month,1
marshaaling,1
shore,1
modbus,1
adapter,2
pc,3
tuning,2
leval,2
negf,10
ignitor,9
spectacle,2
cascade,2
selector,3
forklift,67
qw,2
rubber,8
engine,3
spacp,11
flarme,1
chargre,1
loadchemicals,1
mt,15
deviat,2
manhold,1
break,16
loose,16
windown,12
controller,7
cgc,2
cuting,13
flamge,1
ue,2
guide,11
bd,4
gwr,8
caribrate,1
black,1
wobbe,11
blasting,49
copper,49
slag,49
tubesheet,4
beacon,6
flue,9
yokogawa,9
ctu,20
fw,30
impeller,1
eet,3
cctv,23
btm,8
wifi,2
it,2
one,3
ps,1
fws,2
leg,58
dome,57
spaced,1
ann,1
insliation,1
strock,5
connection,1
lan,16
strianer,2
instrument,10
outle,2
handwheel,1
mpdify,1
spacap,1
detertor,1
ir,33
form,15
winding,1
chcek,2
theomo,1
expantion,2
presure,3
ananlyzer,1
insuration,1
callibrate,8
filsh,1
confine,111
demolish,28
vacuumwater,1
sulfuric,1
flex,1
vacuum,84
array,7
damage,4
linepipe,1
slude,84
scale,2
device,5
laod,4
electronic,5
hf,1
nut,5
zm,1
hub,5
bland,6
isolation,3
first,2
impule,4
comment,4
annunciator,4
fgs,3
expansion,17
buff,22
f,357
j,2
annual,5
scafollding,1
tab,1
prs,2
arm,3
walk,8
audit,1
loading,3
observe,1
shustdown,2
camp,3
eater,10
spot,1
porv,1
thsr,3
view,1
vabration,1
fix,2
needle,5
doom,9
loof,4
bottom,20
airduct,2
u,5
bend,2
fin,4
becon,4
gasdetector,1
geaer,1
shop,33
mobilize,6
testing,2
grinding,112
shoe,14
strut,14
borescope,21
cdu,12
un,4
lps,2
clan,2
mfl,1
linghtning,1
burnner,2
oxygen,4
linevavuum,1
aater,1
eye,8
washer,3
inletelise,1
paint,5
disel,2
aligment,4
modul,1
timer,4
sportlight,1
vavuum,1
rupture,3
disc,3
alignment,19
survay,14
user,3
login,3
quolity,2
diesel,6
houal,3
parts,10
wearing,6
silencer,5
both,3
impedance,1
waster,25
suppor,2
fg,12
type,9
reduce,1
consumption,2
lavel,1
md,5
drian,2
wrapping,7
final,15
accumlator,1
nitrogen,2
pecheck,2
median,2
selection,1
gland,6
ptt,6
win,1
down,21
bomb,1
lubr,2
actautor,1
retiqhten,2
sg,1
coalescer,1
warming,1
vant,1
cip,3
circular,6
demolise,2
stopper,4
acctivated,1
shock,2
smoke,1
pulling,5
duct,8
signal,30
ste,3
hydrocarbon,20
reprocess,3
gis,3
wire,21
purate,4
partial,48
discharge,18
sparay,1
oxidant,1
eeu,2
lapping,3
siet,2
pid,2
heavy,24
reagent,2
delete,2
refactory,3
poly,7
diapharm,2
flowrate,2
k,4
resistance,7
pb,6
insulatino,1
hc,3
mn,2
spar,1
hl,26
polycarbonate,1
p,8
hose,11
rbi,27
claening,34
hiab,13
transmitte,1
monitot,1
sitesurvey,6
insulatin,1
naoci,7
save,2
confrim,7
insution,2
replce,1
visua,1
checkleak,2
vendor,3
delay,12
monitoring,11
polycarnate,1
isoleat,1
upvc,2
ethylene,2
shim,1
sacffloding,1
lubecant,7
civil,1
guid,5
lof,1
handrail,4
ganeration,5
part,19
iusulation,1
bord,1
special,7
tool,12
onstall,1
loa,1
fier,3
rim,10
sheetchemical,1
spaecial,1
stopleak,6
confime,2
strain,3
specialtool,1
siemen,1
smart,1
noload,2
ler,10
pmcheck,5
the,3
cables,1
moving,1
configuration,3
dv,6
leveling,5
spok,1
scaffoing,1
sulation,1
vakidation,1
demon,2
rescue,2
kv,5
voltmeter,1
analog,4
craft,2
rrmover,1
machining,3
raised,3
face,3
or,2
oneway,1
way,1
underground,1
pmlubricant,2
abnormal,11
mob,2
looad,1
dissolve,9
vender,3
coat,1
mobmaterail,1
let,1
io,2
failure,1
inh,1
caot,1
lighing,1
lineworm,1
lsc,1
scaffoldind,1
cell,11
insalu,1
commu,3
airpurge,2
upper,4
name,4
reinjection,1
cyclo,3
repiar,6
supporn,1
worm,9
botton,1
mapping,2
configulation,1
vavle,1
hold,3
currnet,2
accu,1
tack,3
grating,7
confinde,1
jb,3
chiiler,1
battary,1
reomove,1
draft,3
intercom,2
fork,2
condensing,11
dw,2
dain,1
cui,21
alighment,2
sand,12
hi,1
diaphragm,4
dose,1
input,4
readout,2
rapcher,2
disk,4
warm,4
need,5
mobile,4
epoxi,1
beste,1
busduct,7
drawing,1
pdm,5
big,4
bag,3
hange,1
loan,1
strat,1
time,2
ao,2
lp,3
cla,1
standimg,1
fcu,8
gcp,1
ganerato,1
ci,1
egf,1
claen,5
loke,1
totalizer,2
wbd,2
pianting,1
drier,2
leo,3
chenge,1
stat,3
hammer,6
ajb,1
monthly,1
tls,11
preecool,1
precool,6
dissimilar,1
joints,1
build,1
digital,4
temperature,1
samp,3
carbinet,1
booter,1
virbration,1
renovate,2
vapor,1
based,1
hh,3
fault,6
sounding,18
analyzed,1
access,5
noise,5
flowmeter,2
qunch,1
clecn,2
electro,17
scaffol,1
svp,4
removve,1
impulse,1
foundation,9
mechseal,1
nitoroil,1
scaccer,1
bilnd,1
aliment,1
stanby,1
tresing,1
ring,13
stallguard,1
insulaton,1
ellisekey,1
rubberseal,1
gts,1
ecv,2
gov,9
mag,4
connet,1
bluff,9
inspectoin,2
fuancae,1
intrenal,1
rey,2
sfa,9
oeld,8
proximeter,3
strovk,1
storage,8
cadweld,22
torquemeter,3
hmi,4
borescop,1
beal,1
soap,1
nitro,2
alingment,4
propylene,2
pmp,1
cone,1
guarge,1
rota,1
rope,1
pate,1
linkage,2
governor,13
pv,5
rejen,1
insulatoin,1
tv,2
areapm,1
remcleanerove,1
scaen,1
ee,2
testrun,1
trouble,1
building,2
globe,3
ventury,1
triage,7
sodium,7
hydroxide,6
suyvey,1
soft,6
zone,1
tic,2
racking,3
visaul,2
scanner,8
scaffloding,2
under,1
tirp,2
data,5
survy,4
airfin,1
eco,2
mssand,1
action,1
starting,1
flang,3
hemical,1
endflang,1
splitter,2
blackup,1
database,2
plc,1
tap,1
scs,1
fiil,3
spliter,1
communicate,1
chceck,1
vgv,1
reload,8
ellis,6
mca,19
accessories,3
earthleakage,1
spection,1
iar,2
sola,2
greasebearing,1
connecting,1
governoe,1
ot,1
clarifier,1
eec,2
contorl,2
substation,1
viversion,1
dum,2
backup,2
scapper,1
hydrochloric,2
acid,1
nistall,1
windows,3
lacking,1
checl,1
qeuipment,1
alam,2
litting,1
alrm,2
interal,3
ramove,1
burnett,1
acess,1
ativate,1
status,9
repeat,5
validate,1
damper,10
console,6
solar,17
scaffodling,4
update,4
license,2
fiberobtic,1
bruf,1
chrange,1
elies,1
broescope,1
firebox,7
ll,2
amplifier,1
fine,1
confiend,24
partail,24
pieces,1
sor,1
commissioning,17
version,1
daier,1
inlation,1
lode,2
tese,1
overherds,1
jacket,23
oring,1
checek,1
logic,10
cleansludge,1
joy,1
domen,1
prove ,1
stud,9
lod,16
process,1
serial,1
number,1
junction,3
relocate,1
preparetion,1
pair,2
lubebricant,1
vibratioin,2
rerair,1
whell,1
mixing,2
stub,1
performant,2
swicth,1
pwer,1
dc,2
foudation,1
hangeing,1
cableduct,23
do,6
tast,1
lind,3
powerplug,1
make,2
density,10
pa,16
fillpack,3
angle,4
dischange,1
liqiud,3
scffolding,1
installl,2
wtm,1
fucntion,2
temporary,2
positoner,1
superhigh,1
optical,1
chemaical,2
lighht,1
resintrap,1
cahnge,1
instal,1
volt,2
limith,1
sw,8
wk,69
mixer,1
contort,1
turbine,3
cheamicals,1
cler,1
two,1
algorithm,1
ebr,4
select,3
esd,11
hang,1
bc,5
scaffoldnig,1
pressuer,1
reference,3
sccaffolding,1
sccaffoldinh,1
df,2
fiber,3
task,5
ntt,5
soc,5
cz,1
repari,2
weid,1
genaretor,3
fillgrease,2
vertex,1
with,5
swithcing,1
rethignten,1
ane,1
retignten,1
bath,2
controler,1
vration,1
ev,1
hood,2
tepm,1
z,3
tbc,1
romove,1
bypassvalve,2
modem,5
ignator,1
coid,2
duluge,1
pk,1
cartriged,2
cange,2
sral,1
dairn,1
tharmal,2
removel,2
optimize,1
usage,1
porta,1
dg,2
esaygen,1
hamering,1
uc,1
carrir,1
rangr,1
cus,20
bonnet,4
nalyzer,1
zcem,1
telephone,3
hubswitch,4
oven,1
owobbe,1
exitlight,1
jecket,1
perfomance,2
repear,1
calble,1
repeir,1
standby,3
daily,1
prssure,1
shelter,2
coolent,1
waset,1
alarn,1
positionner,2
instull,1
adaptor,2
membrane,1
fl,5
frac,1
mc,1
w,3
conttrol,1
before,6
metal,4
scafolding,4
tpm,1
molykote,1
vaive,1
outside,1
rwt,10
ce,1
improvement,1
ellistkey,1
comapct,1
bs,1
booster,4
body,6
sheel,2
scaffoling,1
union,2
bellow,4
vibrtion,1
fitter,1
didplay,1
insument,1
lond,4
thank,1
generatot,1
confice,2
fiiter,1
vibtion,1
signel,5
moistuer,1
logshet,1
flexible,7
vibrrtion,1
is,1
crosshead,2
channel,4
play,2
sea,1
leakl,1
overheard,3
strobe,1
checked,1
ydro,1
bb,1
eol,1
modifile,1
lens,1
snoop,2
regulatorleak,1
prass,1
star,3
liffing,1
bottol,3
braker,1
transamitter,1
iom,1
gravel,1
coring,6
bg,4
firmware,4
firewall,3
pi,5
ics,4
master,1
mul,1
gold,1
lach,2
zet,1
station,6
trasformer,1
gs,1
related,1
smoc,1
preset,4
solo,3
borscore,1
modifl,1
esv,3
sodalime,1
reapir,2
compressore,2
overload,1
hevy,1
denka,2
jgc,1
ace,8
retigten,1
corroion,1
measure,1
photocel,1
simple,6
vung,1
tao,1
lsp,39
locate,5
breakthrough,4
visit,2
breakthough,1
exsittine,2
calibratiom,1
calibtation,1
managment,1
prepare,2
surface,2
tagging,2
fixed,3
modification,14
refractory,5
thermostat,3
ceramic,2
cse,1
swith,2
winthem,1
chore,1
hangging,1
hanking,14
ban,1
instll,2
overhaed,3
satrt,45
flagne,1
accum,3
bush,1
locker,2
inspetion,1
retighten,2
expire,1
date,1
zerust,1
optimization,1
lacht,1
ceahek,1
loadliquid,1
ezsitting,1
lime,1
orver,2
replacemen,1
mem,1
brane,1
splay,1
membranes,1
stemp,1
vye,3
reflux,2
classs,1
replacement,1
qo,1
adjustment,1
expension,2
srare,1
rtd,4
cd,4
incomming,4
combustible,1
step,3
samplet,3
chrck,1
security,1
fedback,1
modual,1
saurvey,1
stipping,1
ment,1
st,4
cleane,2
fram,2
polysulfide,2
svd,1
checkmetor,1
membran,1
extend,1
pst,3
force,3
uning,1
finishing,1
description,1
catodic,1
iw,1
domestic,1
hopper,2
sever,2
moni,1
mark,4
handrall,1
ari,2
interstage,1
lining,2
flamescanner,1
external,2
pressor,2
eletronic,2
uint,1
ad,4
backfill,8
trstrun,1
lable,15
eqiupment,2
dorf,3
ketal,3
governer,1
chec,1
boilc,1
loopt,1
surevey,1
olefinns,5
analazer,1
intrument,1
chemecals,1
furnance,1
bulging,1
conduil,1
second,1
disassembly,3
suppot,1
lot,2
charmber,2
algnment,1
lnstall,1
ampifly,1
trashing,1
location,2
socket,2
reinsulation,1
remmove,1
cramp,1
pssr,2
act,1
garphic,1
permit,2
memo,2
inspeced,1
mitsubishi,1
heard,1
inert,1
ware,1
hydor,1
divertor,1
presuer,1
corrotion,1
ready,1
mh,1
roof,1
slop,2
ignite,1
network,3
detactor,1
riprap,13
spacial,2
seat,3
inspectoint,1
driinig,1
demo,1
htc,2
demoilish,1
transpot,9
jip,1
cdef,1
kw,1
drip,3
leveing,3
inercom,1
treather,1
oxidation,1
frp,13
grouting,3
paniting,1
rd,2
impulp,1
devation,1
quencg,1
chechemical,1
dol,4
bream,2
scafoolding,3
coolling,7
insualtion,2
boot,2
insp,4
led,1
driver,1
yube,1
servay,1
megnetic,1
horn,2
ypm,1
man,2
wirreless,1
deminc,1
exapilot,18
client,9
clw,3
grit,1
gurad,1
jsa,1
lubicant,7
transport,1
torsional,2
touch,13
cws,2
instate,2
emcp,1
mesh,5
non,2
slam,1
comploung,1
cavitation,1
cond,2
pruge,1
spling,1
orifice,4
paintinjg,1
loadtest,1
visalu,1
di,1
limt,1
mobie,3
complete,1
opan,1
crossover,2
visula,1
ciean,1
sulfide,1
liquil,1
recycle,1
resit,1
scafflod,1
tubing,5
calibrat,1
watchdog,2
fn,2
train,4
buffing,6
welment,1
sentinel,1
driling,2
blast,4
rocation,1
suitable,1
vibraation,1
roller,1
tas,1
osbl,1
dwt,1
denim,4
ccr,8
floating,2
cuastic,2
sam,1
pling,1
knock,1
sil,1
ventmaster,1
hydrogen,1
logsheel,1
gass,1
elite,2
sitd,1
dainamic,1
lihting,1
elctor,1
instument,1
gun,1
owd,1
canned,1
igniter,1
spike,1
modifyline,1
gassoline,1
termonal,1
sealpot,1
ay,1
insulaion,1
sinple,1
pvi,1
meal,1
chanfge,1
calibation,1
scaner,9
diameter,1
sport,1
atm,1
amc,1
impingement,1
baffle,1
aig,1
mode,1
wg,2
chameical,1
vad,1
pu,20
fom,20
quenching,1
trey,1
ptr,2
spill,1
vibeation,1
vibearion,1
case,1
male,2
held,3
inpection,2
reinsall,1
ligtning,1
during,1
laydown,3
viaual,5
relocation,3
model,1
gd,1
inspecton,1
rvi,1
buffle,1
criteria ,1
accept,1
rotine,1
split,1
single,1
ladder,12
porject,1
field,1
node,1
slot,1
rectifier,3
reinstatement,1
raplica,1
dyer,1
saal,1
bouilding,3
distibution,2
asfound,1
mmf,1
inletcoil,7
limi,1
dampet,1
swich,1
sound,1
productcip,1
contractor,1
management,1
sitesurway,1
energize,1
cho,1
counting,1
pice,1
layout,2
permeate,1
insite,2
virus,3
mcafee,6
tnk,1
abb,1
trasnspot,1
process ,1
overheadcrane,1
photo,1
team,1
hotmark,1
looptest,1
ca,1
ba,2
aa,2
pcas,1
liqid,1
talk,1
cmc,1
loed,2
wiress,1
holiday,2
q,1
hydrant,1
diversion,1
bkine,1
oh,1
balance,1
piperack,1
couter,1
edit,1
insulatiom,1
programe,1
oing,1
blank,1
perforemance,1
busdust,1
bolk,1
brush,1
shee,1
checke,1
distrib,1
labeling,2
girout,1
cement,2
ovh,1
naphatha,1
cheet,3
flarm,2
comduct,1
gorundind,1
striping,1
lubricent,1
bolts,1
dummy,6
calibeate,1
cleal,1
activets,1
serway,1
compressoor,2
deploy,3
loadchemical,1
weekly,1
samplimg,1
insatallation,1
cemical,1
message,1
transmiter,2
swtching,1
locksheet,1
borscope,1
slugde,3
lake,1
switing,1
drift,1
inscaffolding,1
waterjet,2
ngr,2
scpoe,1
vibrotion,1
cartrige,1
aircomp,11
scrap,3
tubqe,1
grese,2
runt,1
dram,1
tesst,1
fillseal,1
pile,1
coriolis,1
repalce,2
biuff,1
dev,1
moicture,1
pound,4
gsaket,1
antifoam,1
typical,1
feeding,1
bm,1
simulate,1
actrutor,1
ttv,1
full,2
rang,1
setpiont,1
boomlift,2
pmup,1
pond,1
vgu,2
earthleakge,1
stag,1
sevice,1
sceen,2
welk,1
vlave,2
hsnd,1
protech,1
feeback,2
bling,2
eror,1
acturtor,2
capacitor,1
vicktolic,1
leck,1
suport,1
stack,3
gound,1
drone,2
visal,1
proof,4
recovery,1
scafoldind,1
wast,3
shet,1
swingbling,1
monlter,1
visul,1
scafloding,1
ragulator,1
spesor,1
od,1
sensors,1
victaulic,1
ww,3
speec,1
sightglass,1
leve,2
champer,1
fi,1
proximitor,1
reay,1
intake,1
lighnting,1
hunting,1
surqe,1
ispection,1
forcedraf,1
lighning,1
lcok,1
semi,1
route,3
compressure,3
heet,1
pmtelephone,1
tesing,1
slid,1
expand,2
stabilizer,1
firing,3
interlockvalve,1
channg,1
replaec,2
cc,1
mechcnical,1
viausl,2
sink,1
overtemp,1
operation,1
pegasus,3
exchangers,2
settlement,1
carburization,1
innstall,1
swinge,1
funtion,1
armor,2
psc,1
insulataon,1
sied,1
daiphram,1
introgen,1
sim,1
corridor,1
fuenace,1
shrrt,1
vave,1
mechanican,1
disconnection,1
brick,2
clsen,1
insatall,2
gap,1
backplate,1
corrion,1
alignmet,1
corossion,1
propene,1
voutlet,1
fuel,1
onpower,1
feul,1
acees,1
unisoft,1
siliconc,1
lnsu,1
compressur,1
remve,1
slide,1
healthy,1
combus,1
repping,1
tampo,1
kicker,2
recoed,1
sweep,1
activet,1
total,1
pumppm,1
chemacals,1
limitt,1
scaffafolding,1
fiducial,3
banket,1
supper,2
cack,1
tee,1
commissionning,1
prrove,1
planner,1
mtr,1
pygas,1
samplepump,1
venturi,2
dimension,1
bracket,1
kit,1
lsv,1
vip,1
net,7
scheck,1
vibation,1
backet,1
hivision,1
healty,1
sampie,1
pw,2
remov,1
silesor,1
fuction,1
sream,1
vov,1
knocking,2
ve,1
ethane,1
sludeg,1
sael,1
bench,1
aanlyzer,1
fuse,2
puge,1
comunication,1
oolling,1
swap,1
hydrozone,1
donwload,1
materai,1
cattach,1
ma,2
pmair,1
length,1
